브랜드,시즌,스타일,중분류,아이템명,PO,TAG,수량,TAG_총금액,TAG_USD금액(전년환율),원가견적번호,발주통화,제조업체,견적서제출일자,(USD)_원자재,(USD)_아트웍,(USD)_부자재,(USD)_택/라벨,(USD) 공임,(USD)본사공급자재,(USD)_정상마진,(USD)_경비,(KRW)_원자재,(KRW)_아트웍,(KRW)_부자재,(KRW)_택/라벨,(KRW)_공임,(KRW)본사공급자재,(KRW)_정상마진,(KRW)_경비,USD_재료계(원/부/택/본공)_총금액(단가×수량),USD_아트웍_총금액(단가×수량),USD_공임_총금액(단가×수량),USD_정상마진_총금액(단가×수량),USD_경비_총금액(단가×수량),KRW_재료계(원/부/택/본공)_총금액(단가×수량),KRW_아트웍_총금액(단가×수량),KRW_공임_총금액(단가×수량),KRW_정상마진_총금액(단가×수량),KRW_경비_총금액(단가×수량),입고수량,최초입고일,최종입고일
X,전년(25N),DKBG2105N,Bag,가방,DKBG2105NK0001,99000,800,79200000,58666.666666666664,CQ241002005,KRW,(주)씨앤에이치리미티드,2024-10-30,4.632592592592593,0.45111111111111113,4.611851851851852,0.29777777777777775,3.974814814814815,0.0,2.0503703703703704,0.5740740740740741,6254.0,609.0,6226.0,402.0,5366.0,0.0,2768.0,775.0,7633.777777777777,360.8888888888889,3179.8518518518517,1640.2962962962963,459.25925925925924,10305600.0,487200.0,4292800.0,2214400.0,620000.0,800,2024-12-23,2024-12-23
X,전년(25N),DKBG2115N,Bag,가방,DKBG2115NK0001,79000,1300,102700000,76074.07407407407,CQ241001035,KRW,(주)씨앤에이치리미티드,2024-10-21,2.491111111111111,0.4140740740740741,3.0074074074074075,0.29777777777777775,4.731851851851852,0.0,1.597037037037037,0.42444444444444446,3363.0,559.0,4060.0,402.0,6388.0,0.0,2156.0,573.0,7535.185185185185,538.2962962962963,6151.407407407408,2076.1481481481483,551.7777777777778,10172500.0,726700.0,8304400.0,2802800.0,744900.0,1300,2024-12-23,2024-12-23
X,전년(25N),DKBK1305N,Bag,백팩,DKBK1305NK0001,149000,1300,193700000,143481.4814814815,CQ241001935,KRW,주식회사 제이엠플레닝,2024-10-29,7.217037037037037,0.6296296296296297,5.957777777777777,0.29777777777777775,6.374074074074074,0.0,3.026666666666667,1.5333333333333334,9743.0,850.0,8043.0,402.0,8605.0,0.0,4086.0,2070.0,17514.37037037037,818.5185185185185,8286.296296296296,3934.6666666666665,1993.3333333333333,23644400.0,1105000.0,11186500.0,5311800.0,2691000.0,10,2024-12-04,2024-12-04
X,전년(25N),DKBK1405N,Bag,백팩,DKBK1405NK0001,149000,1000,149000000,110370.37037037036,CQ241201197,KRW,주식회사 제이엠플레닝,2024-12-27,7.197037037037037,2.325925925925926,4.7155555555555555,0.29777777777777775,6.444444444444445,0.0,3.102222222222222,1.4703703703703703,9716.0,3140.0,6366.0,402.0,8700.0,0.0,4188.0,1985.0,12210.37037037037,2325.925925925926,6444.444444444444,3102.222222222222,1470.3703703703704,16484000.0,3140000.0,8700000.0,4188000.0,1985000.0,1000,2025-01-23,2025-01-23
X,전년(25N),DKCP4095N,Headwear,운동모,DKCP4095NK0001,39000,800,31200000,23111.11111111111,CQ241101226,KRW,㈜유풍,2024-11-15,1.3296296296296297,0.37037037037037035,0.8577777777777778,0.28296296296296297,1.6074074074074074,0.0,0.6244444444444445,1.0755555555555556,1795.0,500.0,1158.0,382.0,2170.0,0.0,843.0,1452.0,1976.2962962962963,296.2962962962963,1285.9259259259259,499.55555555555554,860.4444444444445,2668000.0,400000.0,1736000.0,674400.0,1161600.0,800,2025-02-05,2025-02-05
X,전년(25N),DKCP4105N,Headwear,운동모,DKCP4105NK0001,39000,800,31200000,23111.11111111111,CQ241101228,KRW,㈜유풍,2024-11-15,0.9977777777777778,0.37037037037037035,1.0466666666666666,0.33037037037037037,1.548888888888889,0.0,0.5948148148148148,1.0740740740740742,1347.0,500.0,1413.0,446.0,2091.0,0.0,803.0,1450.0,1899.851851851852,296.2962962962963,1239.111111111111,475.85185185185185,859.2592592592592,2564800.0,400000.0,1672800.0,642400.0,1160000.0,800,2024-12-20,2024-12-20
X,전년(25N),DKCP4115N,Headwear,운동모,DKCP4115NK0001,49000,1700,83300000,61703.7037037037,CQ241101229,KRW,㈜유풍,2024-11-15,1.4355555555555555,0.2962962962962963,2.108888888888889,0.30814814814814817,1.9918518518518518,0.0,0.8748148148148148,1.1325925925925926,1938.0,400.0,2847.0,416.0,2689.0,0.0,1181.0,1529.0,6549.407407407408,503.7037037037037,3386.1481481481483,1487.1851851851852,1925.4074074074074,8841700.0,680000.0,4571300.0,2007700.0,2599300.0,1700,2024-12-20,2024-12-20
X,전년(25N),DKCP4145N,Headwear,운동모,DKCP4145NK0001,55000,1200,66000000,48888.88888888889,CQ241101230,KRW,㈜유풍,2024-11-15,1.608148148148148,0.6296296296296297,1.3029629629629629,0.30814814814814817,2.314074074074074,0.0,0.8785185185185185,1.1074074074074074,2171.0,850.0,1759.0,416.0,3124.0,0.0,1186.0,1495.0,3863.1111111111113,755.5555555555555,2776.8888888888887,1054.2222222222222,1328.888888888889,5215200.0,1020000.0,3748800.0,1423200.0,1794000.0,1200,2025-02-06,2025-02-06
X,전년(25N),DKCP4155N,Headwear,운동모,DKCP4155NK0001,49000,900,44100000,32666.666666666668,CQ241101231,KRW,㈜유풍,2024-11-15,1.0785185185185184,0.48148148148148145,1.3155555555555556,0.30814814814814817,1.7733333333333334,0.0,0.697037037037037,1.0866666666666667,1456.0,650.0,1776.0,416.0,2394.0,0.0,941.0,1467.0,2432.0,433.3333333333333,1596.0,627.3333333333334,978.0,3283200.0,585000.0,2154600.0,846900.0,1320300.0,900,2025-01-23,2025-01-23
X,전년(25N),DKCR2125N,Bag,크로스백,DKCR2125NK0001,69000,1100,75900000,56222.22222222222,CQ241001036,KRW,(주)씨앤에이치리미티드,2024-10-21,1.8933333333333333,0.3333333333333333,3.02,0.29777777777777775,3.68,0.0,1.3392592592592591,0.40074074074074073,2556.0,450.0,4077.0,402.0,4968.0,0.0,1808.0,541.0,5732.222222222223,366.6666666666667,4048.0,1473.1851851851852,440.81481481481484,7738500.0,495000.0,5464800.0,1988800.0,595100.0,1100,2024-12-23,2024-12-23
X,전년(25N),DKCR2135N,Bag,크로스백,DKCR2135NK0001,59000,1100,64900000,48074.07407407407,CQ241002006,KRW,(주)씨앤에이치리미티드,2024-10-30,1.7192592592592593,0.3333333333333333,2.774814814814815,0.29777777777777775,3.2111111111111112,0.0,1.2059259259259258,0.3844444444444444,2321.0,450.0,3746.0,402.0,4335.0,0.0,1628.0,519.0,5271.037037037037,366.6666666666667,3532.222222222222,1326.5185185185185,422.8888888888889,7115900.0,495000.0,4768500.0,1790800.0,570900.0,1100,2024-12-23,2024-12-23
X,전년(25N),DKHS2145N,Bag,힙색,DKHS2145NK0001,59000,1000,59000000,43703.7037037037,CQ241001038,KRW,(주)씨앤에이치리미티드,2024-10-21,2.002962962962963,0.37037037037037035,2.533333333333333,0.29777777777777775,3.0674074074074076,0.0,1.1962962962962962,0.38592592592592595,2704.0,500.0,3420.0,402.0,4141.0,0.0,1615.0,521.0,4834.074074074074,370.3703703703704,3067.4074074074074,1196.2962962962963,385.9259259259259,6526000.0,500000.0,4141000.0,1615000.0,521000.0,1000,2024-12-26,2024-12-26
X,전년(25N),DKHT4125N,Headwear,햇,DKHT4125NK0001,65000,700,45500000,33703.7037037037,CQ241101232,KRW,㈜유풍,2024-11-15,2.4362962962962964,1.1851851851851851,1.4133333333333333,0.33185185185185184,2.311111111111111,0.0,1.1022222222222222,1.145925925925926,3289.0,1600.0,1908.0,448.0,3120.0,0.0,1488.0,1547.0,2927.037037037037,829.6296296296297,1617.7777777777778,771.5555555555555,802.1481481481482,3951500.0,1120000.0,2184000.0,1041600.0,1082900.0,690,2025-02-06,2025-02-06
X,전년(25N),DKHT4135N,Headwear,햇,DKHT4135NK0001,55000,900,49500000,36666.666666666664,CQ241101233,KRW,㈜유풍,2024-11-15,2.4725925925925925,0.37037037037037035,1.3311111111111111,0.30814814814814817,2.165185185185185,0.0,0.9511111111111111,1.1422222222222222,3338.0,500.0,1797.0,416.0,2923.0,0.0,1284.0,1542.0,3700.6666666666665,333.3333333333333,1948.6666666666667,856.0,1028.0,4995900.0,450000.0,2630700.0,1155600.0,1387800.0,900,2024-12-20,2024-12-20
X,전년(25N),DKSH5535N,Shoes,신발,DKSH5535NK0001,89000,1000,89000000,65925.92592592593,CQ241200359,KRW,오주무역(주),2024-12-05,5.331851851851852,0.2,2.665185185185185,0.14666666666666667,4.562962962962963,0.0,0.24222222222222223,0.702962962962963,7198.0,270.0,3598.0,198.0,6160.0,0.0,327.0,949.0,8143.7037037037035,200.0,4562.962962962963,242.22222222222223,702.9629629629629,10994000.0,270000.0,6160000.0,327000.0,949000.0,1000,2025-02-21,2025-03-14
X,전년(25N),DKSH5535N,Shoes,신발,DKSH5535NK0002,89000,1800,160200000,118666.66666666667,CQ250502335,KRW,오주무역(주),2025-05-29,5.331851851851852,0.2,2.665185185185185,0.14666666666666667,4.562962962962963,0.0,0.24222222222222223,0.702962962962963,7198.0,270.0,3598.0,198.0,6160.0,0.0,327.0,949.0,14658.666666666666,360.0,8213.333333333334,436.0,1265.3333333333333,19789200.0,486000.0,11088000.0,588600.0,1708200.0,1800,2025-05-30,2025-05-30
X,전년(25N),DKSH7245N,Shoes,신발,DKSH7245NK0001,89000,2000,178000000,131851.85185185185,CQ250200539,KRW,티엠에스코리아 주식회사,2025-02-12,5.2555555555555555,1.6266666666666667,0.737037037037037,0.3037037037037037,3.4074074074074074,0.0,1.654074074074074,0.72,7095.0,2196.0,995.0,410.0,4600.0,0.0,2233.0,972.0,12592.592592592593,3253.3333333333335,6814.814814814815,3308.1481481481483,1440.0,17000000.0,4392000.0,9200000.0,4466000.0,1944000.0,2000,2025-04-04,2025-04-15
X,전년(25N),DKSH7535N,Shoes,신발,DKSH7535NK0001,89000,1200,106800000,79111.11111111111,CQ250100125,KRW,오주무역(주),2025-01-03,5.151111111111111,0.40296296296296297,2.2088888888888887,0.14666666666666667,4.718518518518518,0.0,0.774074074074074,0.6718518518518518,6954.0,544.0,2982.0,198.0,6370.0,0.0,1045.0,907.0,9008.0,483.55555555555554,5662.222222222223,928.8888888888889,806.2222222222222,12160800.0,652800.0,7644000.0,1254000.0,1088400.0,1200,2025-04-01,2025-04-01
X,전년(25N),DKTG1405N,Bag,토드백,DKTG1405NK0001,49000,800,39200000,29037.037037037036,CQ241201204,KRW,주식회사 제이엠플레닝,2024-12-27,2.545185185185185,1.1111111111111112,1.2385185185185186,0.29777777777777775,1.7259259259259259,0.0,0.9933333333333333,0.5355555555555556,3436.0,1500.0,1672.0,402.0,2330.0,0.0,1341.0,723.0,3265.185185185185,888.8888888888889,1380.7407407407406,794.6666666666666,428.44444444444446,4408000.0,1200000.0,1864000.0,1072800.0,578400.0,800,2025-01-23,2025-01-23
X,전년(25N),DXBK0015N,Bag,백팩,DXBK0015NK0001,179000,15200,2720800000,2015407.4074074074,CQ241002024,KRW,(주)인투잇,2024-10-31,8.974074074074075,1.037037037037037,9.384444444444444,0.29777777777777775,8.89037037037037,0.0,0.2548148148148148,1.3118518518518518,12115.0,1400.0,12669.0,402.0,12002.0,0.0,344.0,1771.0,283575.7037037037,15762.962962962964,135133.62962962964,3873.185185185185,19940.14814814815,382827200.0,21280000.0,182430400.0,5228800.0,26919200.0,7018,2024-12-02,2024-12-13
X,전년(25N),DXBK0015N,Bag,백팩,DXBK0015NK0002,179000,455,81445000,60329.62962962963,CQ241002025,KRW,(주)인투잇,2024-10-31,8.974074074074075,1.037037037037037,9.384444444444444,0.29777777777777775,8.89037037037037,0.0,0.2548148148148148,1.3118518518518518,12115.0,1400.0,12669.0,402.0,12002.0,0.0,344.0,1771.0,8488.614814814815,471.85185185185185,4045.1185185185186,115.94074074074074,596.8925925925926,11459630.0,637000.0,5460910.0,156520.0,805805.0,378,2024-12-02,2024-12-11
X,전년(25N),DXBK0025N,Bag,백팩,DXBK0025NK0001,169000,13500,2281500000,1690000.0,CQ241002026,KRW,(주)인투잇,2024-10-31,7.7807407407407405,0.8148148148148148,10.327407407407408,0.29777777777777775,7.7407407407407405,0.0,0.18666666666666668,1.297037037037037,10504.0,1100.0,13942.0,402.0,10450.0,0.0,252.0,1751.0,248480.0,11000.0,104500.0,2520.0,17510.0,335448000.0,14850000.0,141075000.0,3402000.0,23638500.0,3132,2024-12-02,2024-12-13
X,전년(25N),DXBK0025N,Bag,백팩,DXBK0025NK0002,169000,405,68445000,50700.0,CQ241002027,KRW,(주)인투잇,2024-10-31,7.7807407407407405,0.8148148148148148,10.327407407407408,0.29777777777777775,7.7407407407407405,0.0,0.18666666666666668,1.297037037037037,10504.0,1100.0,13942.0,402.0,10450.0,0.0,252.0,1751.0,7454.4,330.0,3135.0,75.6,525.3,10063440.0,445500.0,4232250.0,102060.0,709155.0,76,2024-12-09,2024-12-09
X,전년(25N),DXBK0045N,Bag,백팩,DXBK0045NK0001,169000,8000,1352000000,1001481.4814814815,CQ241000980,KRW,(주)인투잇,2024-10-17,8.09851851851852,0.9629629629629629,8.602222222222222,0.29777777777777775,8.460740740740741,0.0,0.8096296296296296,1.2125925925925927,10933.0,1300.0,11613.0,402.0,11422.0,0.0,1093.0,1637.0,135988.14814814815,7703.7037037037035,67685.92592592593,6477.037037037037,9700.74074074074,183584000.0,10400000.0,91376000.0,8744000.0,13096000.0,3452,2024-12-02,2024-12-24
X,전년(25N),DXBK0045N,Bag,백팩,DXBK0045NK0002,169000,240,40560000,30044.444444444445,CQ241000982,KRW,(주)인투잇,2024-10-17,8.09851851851852,0.9629629629629629,8.602222222222222,0.29777777777777775,8.460740740740741,0.0,0.8096296296296296,1.2125925925925927,10933.0,1300.0,11613.0,402.0,11422.0,0.0,1093.0,1637.0,4079.6444444444446,231.11111111111111,2030.5777777777778,194.3111111111111,291.02222222222224,5507520.0,312000.0,2741280.0,262320.0,392880.0,228,2024-12-11,2024-12-11
X,전년(25N),DXBK0055N,Bag,백팩,DXBK0055NK0001,149000,1900,283100000,209703.7037037037,CQ241001028,KRW,(주)케이앤씨인터내셔날,2024-10-18,6.4688888888888885,0.5925925925925926,6.086666666666667,0.29777777777777775,6.814814814814815,0.0,2.3155555555555556,1.5718518518518518,8733.0,800.0,8217.0,402.0,9200.0,0.0,3126.0,2122.0,24421.333333333332,1125.9259259259259,12948.148148148148,4399.555555555556,2986.5185185185187,32968800.0,1520000.0,17480000.0,5939400.0,4031800.0,1900,2024-12-20,2024-12-20
X,전년(25N),DXBK0065N,Bag,백팩,DXBK0065NK0001,139000,2100,291900000,216222.22222222222,CQ241001029,KRW,(주)케이앤씨인터내셔날,2024-10-18,6.778518518518519,0.4444444444444444,5.2844444444444445,0.29777777777777775,6.703703703703703,0.0,2.3051851851851852,1.5192592592592593,9151.0,600.0,7134.0,402.0,9050.0,0.0,3112.0,2051.0,25957.555555555555,933.3333333333334,14077.777777777777,4840.888888888889,3190.4444444444443,35042700.0,1260000.0,19005000.0,6535200.0,4307100.0,2100,2024-12-20,2024-12-20
X,전년(25N),DXBK1015N,Bag,백팩,DXBK1015NK0001,139000,1400,194600000,144148.14814814815,CQ241001148,KRW,(주)케이앤씨인터내셔날,2024-10-22,4.534814814814815,1.1111111111111112,6.647407407407408,0.29777777777777775,6.555555555555555,0.0,2.6385185185185187,0.8814814814814815,6122.0,1500.0,8974.0,402.0,8850.0,0.0,3562.0,1190.0,16072.0,1555.5555555555557,9177.777777777777,3693.925925925926,1234.0740740740741,21697200.0,2100000.0,12390000.0,4986800.0,1666000.0,1400,2025-02-05,2025-02-05
X,전년(25N),DXBK1015N,Bag,백팩,DXBK1015NK0002,139000,40,5560000,4118.518518518518,CQ241001149,KRW,(주)케이앤씨인터내셔날,2024-10-22,4.534814814814815,1.1111111111111112,6.647407407407408,0.29777777777777775,6.555555555555555,0.0,2.6385185185185187,0.8814814814814815,6122.0,1500.0,8974.0,402.0,8850.0,0.0,3562.0,1190.0,459.2,44.44444444444444,262.22222222222223,105.54074074074074,35.25925925925926,619920.0,60000.0,354000.0,142480.0,47600.0,40,2025-02-05,2025-02-05
X,전년(25N),DXBK1145N,Bag,백팩,DXBK1145NK0001,119000,3500,416500000,308518.51851851854,CQ241001023,KRW,(주)케이앤씨인터내셔날,2024-10-18,5.939259259259259,0.4444444444444444,4.54,0.29777777777777775,5.688888888888889,0.0,2.176296296296296,0.8392592592592593,8018.0,600.0,6129.0,402.0,7680.0,0.0,2938.0,1133.0,37719.62962962963,1555.5555555555557,19911.11111111111,7617.037037037037,2937.4074074074074,50921500.0,2100000.0,26880000.0,10283000.0,3965500.0,3500,2024-12-30,2025-01-06
X,전년(25N),DXBK1185N,Bag,백팩,DXBK1185NK0001,129000,3400,438600000,324888.8888888889,CQ241001030,KRW,(주)케이앤씨인터내셔날,2024-10-18,4.885185185185185,0.4444444444444444,4.358518518518519,0.29777777777777775,6.037037037037037,0.0,2.1385185185185187,1.2459259259259259,6595.0,600.0,5884.0,402.0,8150.0,0.0,2887.0,1682.0,32441.037037037036,1511.111111111111,20525.925925925927,7270.962962962963,4236.148148148148,43795400.0,2040000.0,27710000.0,9815800.0,5718800.0,3400,2024-12-20,2024-12-20
X,전년(25N),DXBK3095N,Bag,백팩,DXBK3095NK0001,109000,1000,109000000,80740.74074074074,CQ241200330,KRW,(주)케이앤씨인터내셔날,2024-12-05,3.2614814814814816,0.4444444444444444,3.5096296296296297,0.3237037037037037,5.037037037037037,0.0,1.8377777777777777,0.5488888888888889,4403.0,600.0,4738.0,437.0,6800.0,0.0,2481.0,741.0,7094.814814814815,444.44444444444446,5037.037037037037,1837.7777777777778,548.8888888888889,9578000.0,600000.0,6800000.0,2481000.0,741000.0,1000,2025-01-15,2025-01-15
X,전년(25N),DXBZ1195N,Bag,바디백,DXBZ1195NK0001,89000,640,56960000,42192.59259259259,CQ241200898,KRW,(주)케이앤씨인터내셔날,2024-12-19,1.9592592592592593,0.37037037037037035,5.234814814814815,0.25703703703703706,4.555555555555555,0.0,1.4303703703703703,0.8592592592592593,2645.0,500.0,7067.0,347.0,6150.0,0.0,1931.0,1160.0,4768.711111111111,237.03703703703704,2915.5555555555557,915.437037037037,549.925925925926,6437760.0,320000.0,3936000.0,1235840.0,742400.0,640,2025-01-23,2025-01-23
X,전년(25N),DXBZ1205N,Bag,바디백,DXBZ1205NK0001,109000,640,69760000,51674.07407407407,CQ241200900,KRW,(주)케이앤씨인터내셔날,2024-12-19,2.5585185185185186,0.7407407407407407,5.86,0.25703703703703706,4.925925925925926,0.0,1.9577777777777778,0.9592592592592593,3454.0,1000.0,7911.0,347.0,6650.0,0.0,2643.0,1295.0,5552.355555555556,474.0740740740741,3152.5925925925926,1252.9777777777779,613.925925925926,7495680.0,640000.0,4256000.0,1691520.0,828800.0,640,2025-01-23,2025-01-23
X,전년(25N),DXBZ1205N,Bag,바디백,DXBZ1205NK0002,109000,400,43600000,32296.296296296296,CQ250400837,KRW,(주)케이앤씨인터내셔날,2025-04-16,2.5585185185185186,0.7407407407407407,5.86,0.25703703703703706,4.925925925925926,0.0,1.9577777777777778,0.9592592592592593,3454.0,1000.0,7911.0,347.0,6650.0,0.0,2643.0,1295.0,3470.222222222222,296.2962962962963,1970.3703703703704,783.1111111111111,383.7037037037037,4684800.0,400000.0,2660000.0,1057200.0,518000.0,400,2025-05-28,2025-05-28
X,전년(25N),DXCP5015N,Headwear,운동모,DXCP5015NC0001,39000,1880,73320000,54311.11111111111,CQ250500331,KRW,㈜유풍,2025-05-09,0.837037037037037,0.14814814814814814,0.8022222222222222,0.30814814814814817,1.7933333333333332,0.0,0.5370370370370371,0.4325925925925926,1130.0,200.0,1083.0,416.0,2421.0,0.0,725.0,584.0,3661.125925925926,278.51851851851853,3371.4666666666667,1009.6296296296297,813.2740740740741,4942520.0,376000.0,4551480.0,1363000.0,1097920.0,1880,2025-05-28,2025-05-28
X,전년(25N),DXCP5015N,Headwear,운동모,DXCP5015NK0001,39000,8400,327600000,242666.66666666666,CQ241101194,KRW,㈜유풍,2024-11-15,0.9822222222222222,0.14814814814814814,1.0222222222222221,0.33037037037037037,1.7933333333333332,0.0,0.5918518518518519,0.20592592592592593,1326.0,200.0,1380.0,446.0,2421.0,0.0,799.0,278.0,19612.444444444445,1244.4444444444443,15064.0,4971.555555555556,1729.7777777777778,26476800.0,1680000.0,20336400.0,6711600.0,2335200.0,8400,2024-12-03,2024-12-11
X,전년(25N),DXCP5025N,Headwear,운동모,DXCP5025NK0001,45000,7700,346500000,256666.66666666666,CQ241101235,KRW,(주)보광캡,2024-11-15,1.1037037037037036,0.8888888888888888,1.3622222222222222,0.30148148148148146,1.617037037037037,0.0,0.7459259259259259,0.2733333333333333,1490.0,1200.0,1839.0,407.0,2183.0,0.0,1007.0,369.0,21309.037037037036,6844.444444444444,12451.185185185184,5743.62962962963,2104.6666666666665,28767200.0,9240000.0,16809100.0,7753900.0,2841300.0,7676,2024-12-04,2025-03-18
X,전년(25N),DXCP5035N,Headwear,운동모,DXCP5035NK0001,49000,2000,98000000,72592.5925925926,CQ241101210,KRW,주식회사 피앤지아이엔씨,2024-11-15,1.2829629629629629,0.4074074074074074,1.262962962962963,0.3377777777777778,1.9259259259259258,0.0,0.7318518518518519,0.1948148148148148,1732.0,550.0,1705.0,456.0,2600.0,0.0,988.0,263.0,5767.407407407408,814.8148148148148,3851.8518518518517,1463.7037037037037,389.6296296296296,7786000.0,1100000.0,5200000.0,1976000.0,526000.0,2000,2025-01-23,2025-01-23
X,전년(25N),DXCP5045N,Headwear,운동모,DXCP5045NK0001,55000,2000,110000000,81481.48148148147,CQ241101319,KRW,(주)보광캡,2024-11-18,1.711111111111111,0.88,1.5533333333333332,0.3022222222222222,1.511111111111111,0.0,0.8481481481481481,0.30592592592592593,2310.0,1188.0,2097.0,408.0,2040.0,0.0,1145.0,413.0,7133.333333333333,1760.0,3022.222222222222,1696.2962962962963,611.8518518518518,9630000.0,2376000.0,4080000.0,2290000.0,826000.0,1995,2025-02-05,2025-02-05
X,전년(25N),DXCP5055N,Headwear,운동모,DXCP5055NK0001,49000,3500,171500000,127037.03703703704,CQ241101219,KRW,주식회사 피앤지아이엔씨,2024-11-15,1.3814814814814815,0.362962962962963,1.2696296296296297,0.3377777777777778,1.9259259259259258,0.0,0.7407407407407407,0.1837037037037037,1865.0,490.0,1714.0,456.0,2600.0,0.0,1000.0,248.0,10461.111111111111,1270.3703703703704,6740.740740740741,2592.5925925925926,642.9629629629629,14122500.0,1715000.0,9100000.0,3500000.0,868000.0,3475,2024-12-18,2024-12-27
X,전년(25N),DXCP5065N,Headwear,운동모,DXCP5065NC0001,49000,600,29400000,21777.777777777777,CQ241101339,KRW,(주)보광캡,2024-12-12,1.5762962962962963,0.4148148148148148,1.1644444444444444,0.3674074074074074,2.0,0.0,0.7733333333333333,0.6081481481481481,2128.0,560.0,1572.0,496.0,2700.0,0.0,1044.0,821.0,1864.888888888889,248.88888888888889,1200.0,464.0,364.8888888888889,2517600.0,336000.0,1620000.0,626400.0,492600.0,600,2025-01-07,2025-01-07
X,전년(25N),DXCP5065N,Headwear,운동모,DXCP5065NK0001,49000,1000,49000000,36296.2962962963,CQ241101326,KRW,(주)보광캡,2024-11-18,1.5762962962962963,0.4148148148148148,1.1644444444444444,0.4103703703703704,2.0296296296296297,0.0,0.7777777777777778,0.2948148148148148,2128.0,560.0,1572.0,554.0,2740.0,0.0,1050.0,398.0,3151.1111111111113,414.81481481481484,2029.6296296296296,777.7777777777778,294.81481481481484,4254000.0,560000.0,2740000.0,1050000.0,398000.0,1000,2024-12-27,2024-12-27
X,전년(25N),DXCP5075N,Headwear,운동모,DXCP5075NC0001,65000,780,50700000,37555.555555555555,CQ241101340,KRW,(주)보광캡,2024-12-12,3.2644444444444445,0.7777777777777778,1.7637037037037038,0.2962962962962963,1.8666666666666667,0.0,1.1511111111111112,0.8044444444444444,4407.0,1050.0,2381.0,400.0,2520.0,0.0,1554.0,1086.0,4153.066666666667,606.6666666666666,1456.0,897.8666666666667,627.4666666666667,5606640.0,819000.0,1965600.0,1212120.0,847080.0,780,2025-01-07,2025-01-07
X,전년(25N),DXCP5075N,Headwear,운동모,DXCP5075NK0001,65000,1800,117000000,86666.66666666667,CQ241101334,KRW,(주)보광캡,2024-11-18,3.2644444444444445,0.7777777777777778,1.7637037037037038,0.3385185185185185,1.9407407407407407,0.0,1.1622222222222223,0.38,4407.0,1050.0,2381.0,457.0,2620.0,0.0,1569.0,513.0,9660.0,1400.0,3493.3333333333335,2092.0,684.0,13041000.0,1890000.0,4716000.0,2824200.0,923400.0,1797,2025-02-20,2025-02-20
X,전년(25N),DXCP5085N,Headwear,운동모,DXCP5085NC0001,59000,900,53100000,39333.333333333336,CQ250100316,KRW,(주)보광캡,2025-01-07,2.7866666666666666,0.9629629629629629,1.2777777777777777,0.3985185185185185,3.111111111111111,0.0,1.2207407407407407,0.6066666666666667,3762.0,1300.0,1725.0,538.0,4200.0,0.0,1648.0,819.0,4016.6666666666665,866.6666666666666,2800.0,1098.6666666666667,546.0,5422500.0,1170000.0,3780000.0,1483200.0,737100.0,900,2025-02-09,2025-02-09
X,전년(25N),DXCP6015N,Headwear,운동모,DXCP6015NK0001,49000,3100,151900000,112518.51851851853,CQ241101223,KRW,㈜유풍,2024-11-15,1.0244444444444445,0.4074074074074074,1.1133333333333333,0.3488888888888889,1.6037037037037036,0.0,0.6222222222222222,0.21333333333333335,1383.0,550.0,1503.0,471.0,2165.0,0.0,840.0,288.0,7708.666666666667,1262.962962962963,4971.481481481482,1928.888888888889,661.3333333333334,10406700.0,1705000.0,6711500.0,2604000.0,892800.0,3100,2025-01-23,2025-02-13
X,전년(25N),DXCP6025N,Headwear,운동모,DXCP6025NK0001,59000,1000,59000000,43703.7037037037,CQ241101315,KRW,애니웨어파이브,2024-11-18,1.822962962962963,0.14814814814814814,0.5740740740740741,0.30814814814814817,3.3333333333333335,0.0,0.8814814814814815,2.799259259259259,2461.0,200.0,775.0,416.0,4500.0,0.0,1190.0,3779.0,2705.185185185185,148.14814814814815,3333.3333333333335,881.4814814814815,2799.259259259259,3652000.0,200000.0,4500000.0,1190000.0,3779000.0,1000,2025-03-06,2025-03-06
X,전년(25N),DXCP6035N,Headwear,운동모,DXCP6035NK0001,59000,2300,135700000,100518.51851851853,CQ241101316,KRW,애니웨어파이브,2024-11-18,1.117037037037037,0.5925925925925926,1.9503703703703703,0.30814814814814817,3.3333333333333335,0.0,1.048888888888889,0.7133333333333334,1508.0,800.0,2633.0,416.0,4500.0,0.0,1416.0,963.0,7763.777777777777,1362.962962962963,7666.666666666667,2412.4444444444443,1640.6666666666667,10481100.0,1840000.0,10350000.0,3256800.0,2214900.0,2300,2025-03-06,2025-03-06
X,전년(25N),DXCP6045N,Headwear,운동모,DXCP6045NC0001,49000,1080,52920000,39200.0,CQ241101209,KRW,㈜유풍,2024-11-21,1.8377777777777777,0.6674074074074074,1.662962962962963,0.3385185185185185,2.234074074074074,0.0,0.96,0.5066666666666667,2481.0,901.0,2245.0,457.0,3016.0,0.0,1296.0,684.0,4146.4,720.8,2412.8,1036.8,547.2,5597640.0,973080.0,3257280.0,1399680.0,738720.0,1080,2024-12-26,2024-12-26
X,전년(25N),DXCP6045N,Headwear,운동모,DXCP6045NC0002,49000,930,45570000,33755.555555555555,CQ250401332,KRW,㈜유풍,2025-05-07,1.6925925925925926,0.6674074074074074,1.442962962962963,0.3162962962962963,2.234074074074074,0.0,0.9059259259259259,0.08444444444444445,2285.0,901.0,1948.0,427.0,3016.0,0.0,1223.0,114.0,3210.222222222222,620.6888888888889,2077.688888888889,842.5111111111111,78.53333333333333,4333800.0,837930.0,2804880.0,1137390.0,106020.0,930,2025-05-28,2025-05-28
X,전년(25N),DXCP6045N,Headwear,운동모,DXCP6045NK0001,49000,3300,161700000,119777.77777777778,CQ241101208,KRW,㈜유풍,2024-11-15,1.8377777777777777,0.6666666666666666,1.662962962962963,0.3562962962962963,2.2333333333333334,0.0,0.96,0.28296296296296297,2481.0,900.0,2245.0,481.0,3015.0,0.0,1296.0,382.0,12728.222222222223,2200.0,7370.0,3168.0,933.7777777777778,17183100.0,2970000.0,9949500.0,4276800.0,1260600.0,3287,2025-02-13,2025-02-19
X,전년(25N),DXCP6065N,Headwear,운동모,DXCP6065NK0001,49000,1200,58800000,43555.555555555555,CQ241101224,KRW,㈜유풍,2024-11-15,1.422962962962963,0.5925925925925926,1.6748148148148148,0.33037037037037037,2.2333333333333334,0.0,0.8888888888888888,0.2644444444444444,1921.0,800.0,2261.0,446.0,3015.0,0.0,1200.0,357.0,4113.777777777777,711.1111111111111,2680.0,1066.6666666666667,317.3333333333333,5553600.0,960000.0,3618000.0,1440000.0,428400.0,1200,2025-02-05,2025-02-05
X,전년(25N),DXCP7055N,Headwear,운동모,DXCP7055NK0001,39000,5000,195000000,144444.44444444444,CQ250400894,KRW,주식회사 피앤지아이엔씨,2025-04-18,0.7903703703703704,0.42962962962962964,0.7688888888888888,0.2866666666666667,2.022222222222222,0.0,0.6014814814814815,0.2518518518518518,1067.0,580.0,1038.0,387.0,2730.0,0.0,812.0,340.0,9229.62962962963,2148.1481481481483,10111.111111111111,3007.4074074074074,1259.2592592592594,12460000.0,2900000.0,13650000.0,4060000.0,1700000.0,5000,2025-05-09,2025-05-09
X,전년(25N),DXCR1035N,Bag,크로스백,DXCR1035NC0001,79000,390,30810000,22822.222222222223,CQ241100813,KRW,(주)케이앤씨인터내셔날,2024-11-12,1.2,0.4444444444444444,3.371111111111111,0.30592592592592593,4.2,0.0,1.3822222222222222,1.2592592592592593,1620.0,600.0,4551.0,413.0,5670.0,0.0,1866.0,1700.0,1902.0444444444445,173.33333333333334,1638.0,539.0666666666667,491.1111111111111,2567760.0,234000.0,2211300.0,727740.0,663000.0,390,2024-12-03,2024-12-03
X,전년(25N),DXCR1035N,Bag,크로스백,DXCR1035NK0001,79000,900,71100000,52666.666666666664,CQ241001153,KRW,(주)케이앤씨인터내셔날,2024-10-22,1.2,0.4444444444444444,3.377037037037037,0.3237037037037037,4.2,0.0,1.382962962962963,0.39037037037037037,1620.0,600.0,4559.0,437.0,5670.0,0.0,1867.0,527.0,4410.666666666667,400.0,3780.0,1244.6666666666667,351.3333333333333,5954400.0,540000.0,5103000.0,1680300.0,474300.0,900,2025-02-05,2025-02-05
X,전년(25N),DXCR1035N,Bag,크로스백,DXCR1035NK0002,79000,270,21330000,15800.0,CQ241001154,KRW,(주)케이앤씨인터내셔날,2024-10-22,1.2,0.4444444444444444,3.377037037037037,0.3237037037037037,4.2,0.0,1.382962962962963,0.39037037037037037,1620.0,600.0,4559.0,437.0,5670.0,0.0,1867.0,527.0,1323.2,120.0,1134.0,373.4,105.4,1786320.0,162000.0,1530900.0,504090.0,142290.0,270,2025-02-05,2025-02-05
X,전년(25N),DXCR1165N,Bag,크로스백,DXCR1165NK0001,89000,2600,231400000,171407.40740740742,CQ241001025,KRW,(주)케이앤씨인터내셔날,2024-10-18,2.3874074074074074,0.4444444444444444,4.048148148148148,0.29777777777777775,4.407407407407407,0.0,1.6703703703703703,0.5962962962962963,3223.0,600.0,5465.0,402.0,5950.0,0.0,2255.0,805.0,17506.666666666668,1155.5555555555557,11459.25925925926,4342.962962962963,1550.3703703703704,23634000.0,1560000.0,15470000.0,5863000.0,2093000.0,2600,2024-12-30,2024-12-30
X,전년(25N),DXCR1175N,Bag,크로스백,DXCR1175NK0001,65000,2300,149500000,110740.74074074074,CQ241001026,KRW,(주)케이앤씨인터내셔날,2024-10-18,1.385925925925926,0.4444444444444444,2.4844444444444442,0.29777777777777775,3.7037037037037037,0.0,1.0185185185185186,0.44296296296296295,1871.0,600.0,3354.0,402.0,5000.0,0.0,1375.0,598.0,9586.74074074074,1022.2222222222222,8518.518518518518,2342.5925925925926,1018.8148148148148,12942100.0,1380000.0,11500000.0,3162500.0,1375400.0,2300,2024-12-30,2024-12-30
X,전년(25N),DXCR3115N,Bag,크로스백,DXCR3115NK0001,89000,2000,178000000,131851.85185185185,CQ241200334,KRW,(주)케이앤씨인터내셔날,2024-12-05,1.6466666666666667,0.4444444444444444,4.704444444444444,0.3237037037037037,3.8,0.0,1.5896296296296297,0.4540740740740741,2223.0,600.0,6351.0,437.0,5130.0,0.0,2146.0,613.0,13349.62962962963,888.8888888888889,7600.0,3179.259259259259,908.1481481481482,18022000.0,1200000.0,10260000.0,4292000.0,1226000.0,2000,2025-01-15,2025-01-15
X,전년(25N),DXCR3115N,Bag,크로스백,DXCR3115NK0002,89000,2000,178000000,131851.85185185185,CQ241200341,KRW,(주)케이앤씨인터내셔날,2024-12-05,1.6466666666666667,0.4444444444444444,4.704444444444444,0.3237037037037037,3.8,0.0,1.5896296296296297,0.4540740740740741,2223.0,600.0,6351.0,437.0,5130.0,0.0,2146.0,613.0,13349.62962962963,888.8888888888889,7600.0,3179.259259259259,908.1481481481482,18022000.0,1200000.0,10260000.0,4292000.0,1226000.0,2000,2025-01-15,2025-01-15
X,전년(25N),DXHS1225N,Bag,힙색,DXHS1225NK0001,69000,2500,172500000,127777.77777777778,CQ241200920,KRW,(주)인투잇,2024-12-23,0.9785185185185186,0.4444444444444444,3.3703703703703702,0.3237037037037037,3.7037037037037037,0.0,1.0281481481481483,0.38074074074074077,1321.0,600.0,4550.0,437.0,5000.0,0.0,1388.0,514.0,11681.481481481482,1111.111111111111,9259.25925925926,2570.3703703703704,951.8518518518518,15770000.0,1500000.0,12500000.0,3470000.0,1285000.0,2500,2025-02-21,2025-02-21
X,전년(25N),DXHT4015N,Headwear,햇,DXHT4015NC0001,65000,600,39000000,28888.88888888889,CQ241101341,KRW,(주)보광캡,2024-12-12,2.9503703703703703,0.4074074074074074,1.771111111111111,0.3162962962962963,1.9925925925925927,0.0,1.068148148148148,0.6266666666666667,3983.0,550.0,2391.0,427.0,2690.0,0.0,1442.0,846.0,3022.6666666666665,244.44444444444446,1195.5555555555557,640.8888888888889,376.0,4080600.0,330000.0,1614000.0,865200.0,507600.0,600,2025-01-07,2025-01-07
X,전년(25N),DXHT4015N,Headwear,햇,DXHT4015NK0001,65000,1200,78000000,57777.77777777778,CQ241101322,KRW,(주)보광캡,2024-11-18,2.9503703703703703,0.4074074074074074,1.771111111111111,0.3340740740740741,1.9925925925925927,0.0,1.068148148148148,0.3674074074074074,3983.0,550.0,2391.0,451.0,2690.0,0.0,1442.0,496.0,6066.666666666667,488.8888888888889,2391.1111111111113,1281.7777777777778,440.8888888888889,8190000.0,660000.0,3228000.0,1730400.0,595200.0,1200,2024-12-27,2024-12-27
X,전년(25N),DXHT4025N,Headwear,햇,DXHT4025NC0001,65000,840,54600000,40444.444444444445,CQ241101342,KRW,(주)보광캡,2024-11-20,2.9155555555555557,0.4074074074074074,1.9496296296296296,0.3940740740740741,2.0148148148148146,0.0,1.0933333333333333,0.9185185185185185,3936.0,550.0,2632.0,532.0,2720.0,0.0,1476.0,1240.0,4417.777777777777,342.22222222222223,1692.4444444444443,918.4,771.5555555555555,5964000.0,462000.0,2284800.0,1239840.0,1041600.0,840,2024-12-13,2024-12-13
X,전년(25N),DXHT4025N,Headwear,햇,DXHT4025NK0001,65000,3200,208000000,154074.07407407407,CQ241101329,KRW,(주)보광캡,2024-11-18,2.9155555555555557,0.4074074074074074,1.9496296296296296,0.4918518518518519,2.0148148148148146,0.0,1.0933333333333333,0.38666666666666666,3936.0,550.0,2632.0,664.0,2720.0,0.0,1476.0,522.0,17142.51851851852,1303.7037037037037,6447.407407407408,3498.6666666666665,1237.3333333333333,23142400.0,1760000.0,8704000.0,4723200.0,1670400.0,3100,2024-12-19,2024-12-27
X,전년(25N),DXHT4045N,Headwear,햇,DXHT4045NC0001,65000,840,54600000,40444.444444444445,CQ241101343,KRW,(주)보광캡,2024-11-20,3.6281481481481483,0.3333333333333333,2.328148148148148,0.3459259259259259,1.7185185185185186,0.0,1.2014814814814814,0.7177777777777777,4898.0,450.0,3143.0,467.0,2320.0,0.0,1622.0,969.0,5293.866666666667,280.0,1443.5555555555557,1009.2444444444444,602.9333333333333,7146720.0,378000.0,1948800.0,1362480.0,813960.0,840,2024-12-13,2024-12-13
X,전년(25N),DXHT4045N,Headwear,햇,DXHT4045NK0001,65000,3700,240500000,178148.14814814815,CQ241101320,KRW,(주)보광캡,2024-11-18,3.6281481481481483,0.3333333333333333,2.328148148148148,0.36814814814814817,1.7185185185185186,0.0,1.2014814814814814,0.42,4898.0,450.0,3143.0,497.0,2320.0,0.0,1622.0,567.0,23400.444444444445,1233.3333333333333,6358.518518518518,4445.481481481482,1554.0,31590600.0,1665000.0,8584000.0,6001400.0,2097900.0,3488,2024-12-02,2024-12-04
X,전년(25N),DXHT4055N,Headwear,햇,DXHT4055NK0001,65000,1400,91000000,67407.4074074074,CQ241101220,KRW,주식회사 피앤지아이엔씨,2024-11-15,2.6355555555555554,0.25925925925925924,2.2422222222222223,0.30814814814814817,2.814814814814815,0.0,1.1925925925925926,0.2822222222222222,3558.0,350.0,3027.0,416.0,3800.0,0.0,1610.0,381.0,7260.2962962962965,362.962962962963,3940.740740740741,1669.6296296296296,395.1111111111111,9801400.0,490000.0,5320000.0,2254000.0,533400.0,1400,2025-01-23,2025-02-04
X,전년(25N),DXHT4065N,Headwear,햇,DXHT4065NK0001,59000,3200,188800000,139851.85185185185,CQ241101225,KRW,㈜유풍,2024-11-15,2.7844444444444445,0.2962962962962963,1.48,0.40444444444444444,2.605185185185185,0.0,1.074814814814815,0.31777777777777777,3759.0,400.0,1998.0,546.0,3517.0,0.0,1451.0,429.0,14940.444444444445,948.1481481481482,8336.592592592593,3439.4074074074074,1016.8888888888889,20169600.0,1280000.0,11254400.0,4643200.0,1372800.0,3200,2025-02-05,2025-02-05
X,전년(25N),DXHT4085N,Headwear,햇,DXHT4085NC0001,69000,480,33120000,24533.333333333332,CQ241101344,KRW,(주)보광캡,2024-12-12,3.7622222222222224,0.4074074074074074,2.080740740740741,0.34444444444444444,1.8518518518518519,0.0,1.2155555555555555,0.7133333333333334,5079.0,550.0,2809.0,465.0,2500.0,0.0,1641.0,963.0,2969.9555555555557,195.55555555555554,888.8888888888889,583.4666666666667,342.4,4009440.0,264000.0,1200000.0,787680.0,462240.0,480,2025-01-07,2025-01-07
X,전년(25N),DXHT4085N,Headwear,햇,DXHT4085NK0001,69000,1600,110400000,81777.77777777778,CQ241101331,KRW,(주)보광캡,2024-11-18,3.7622222222222224,0.4074074074074074,2.080740740740741,0.38592592592592595,1.9407407407407407,0.0,1.228888888888889,0.4162962962962963,5079.0,550.0,2809.0,521.0,2620.0,0.0,1659.0,562.0,9966.222222222223,651.8518518518518,3105.185185185185,1966.2222222222222,666.074074074074,13454400.0,880000.0,4192000.0,2654400.0,899200.0,1599,2025-02-13,2025-02-20
X,전년(25N),DXHT4095N,Headwear,햇,DXHT4095NC0001,69000,690,47610000,35266.666666666664,CQ241101345,KRW,(주)보광캡,2024-11-20,3.468148148148148,0.3333333333333333,2.08,0.3459259259259259,1.7925925925925925,0.0,1.1511111111111112,1.2459259259259259,4682.0,450.0,2808.0,467.0,2420.0,0.0,1554.0,1682.0,4066.911111111111,230.0,1236.888888888889,794.2666666666667,859.6888888888889,5490330.0,310500.0,1669800.0,1072260.0,1160580.0,690,2024-12-13,2024-12-13
X,전년(25N),DXHT4095N,Headwear,햇,DXHT4095NK0001,69000,2300,158700000,117555.55555555556,CQ241101321,KRW,(주)보광캡,2024-11-18,3.468148148148148,0.3333333333333333,2.08,0.40074074074074073,1.7925925925925925,0.0,1.1511111111111112,0.4059259259259259,4682.0,450.0,2808.0,541.0,2420.0,0.0,1554.0,548.0,13682.444444444445,766.6666666666666,4122.962962962963,2647.5555555555557,933.6296296296297,18471300.0,1035000.0,5566000.0,3574200.0,1260400.0,2160,2024-12-09,2024-12-09
X,전년(25N),DXHT5095N,Headwear,햇,DXHT5095NC0001,79000,360,28440000,21066.666666666668,CQ250100317,KRW,(주)보광캡,2025-01-07,5.1503703703703705,0.9629629629629629,1.4851851851851852,0.3985185185185185,3.5592592592592593,0.0,1.6733333333333333,0.6577777777777778,6953.0,1300.0,2005.0,538.0,4805.0,0.0,2259.0,888.0,2532.266666666667,346.6666666666667,1281.3333333333333,602.4,236.8,3418560.0,468000.0,1729800.0,813240.0,319680.0,360,2025-02-09,2025-02-09
X,전년(25N),DXHT6055N,Headwear,햇,DXHT6055NC0001,65000,840,54600000,40444.444444444445,CQ241101547,KRW,㈜유풍,2024-11-21,3.44,0.2962962962962963,1.8207407407407408,0.35703703703703704,2.1822222222222223,0.0,1.1607407407407409,0.6762962962962963,4644.0,400.0,2458.0,482.0,2946.0,0.0,1567.0,913.0,4718.933333333333,248.88888888888889,1833.0666666666666,975.0222222222222,568.0888888888888,6370560.0,336000.0,2474640.0,1316280.0,766920.0,840,2025-01-14,2025-01-14
X,전년(25N),DXHT6055N,Headwear,햇,DXHT6055NK0001,65000,3600,234000000,173333.33333333334,CQ241101206,KRW,㈜유풍,2024-11-15,3.44,0.2962962962962963,1.8207407407407408,0.3748148148148148,2.1822222222222223,0.0,1.1607407407407409,0.3548148148148148,4644.0,400.0,2458.0,506.0,2946.0,0.0,1567.0,479.0,20288.0,1066.6666666666667,7856.0,4178.666666666667,1277.3333333333333,27388800.0,1440000.0,10605600.0,5641200.0,1724400.0,3420,2025-02-06,2025-02-06
X,전년(25N),DXMK7145N,Acc_etc,마스크(패션용),DXMK7145NK0001,39000,2500,97500000,72222.22222222222,CQ250200651,KRW,㈜아이앤지,2025-02-18,1.2296296296296296,0.5555555555555556,0.3511111111111111,0.07629629629629629,2.577777777777778,0.0,0.7074074074074074,0.2074074074074074,1660.0,750.0,474.0,103.0,3480.0,0.0,955.0,280.0,4142.592592592592,1388.888888888889,6444.444444444444,1768.5185185185185,518.5185185185185,5592500.0,1875000.0,8700000.0,2387500.0,700000.0,2545,2025-03-05,2025-03-05
X,전년(25N),DXML7125N,Acc_etc,토시,DXML7125NK0001,25000,1500,37500000,27777.777777777777,CQ250200650,KRW,㈜아이앤지,2025-02-18,1.2592592592592593,0.2962962962962963,0.3496296296296296,0.1,1.0592592592592593,0.0,0.4444444444444444,0.04518518518518518,1700.0,400.0,472.0,135.0,1430.0,0.0,600.0,61.0,2563.3333333333335,444.44444444444446,1588.888888888889,666.6666666666666,67.77777777777777,3460500.0,600000.0,2145000.0,900000.0,91500.0,1544,2025-03-25,2025-03-25
X,전년(25N),DXMR0145N,Bag,메신저백,DXMR0145NK0001,119000,1200,142800000,105777.77777777778,CQ241000986,KRW,(주)인투잇,2024-10-17,5.663703703703704,0.8518518518518519,4.519259259259259,0.29777777777777775,6.92,0.0,0.9874074074074074,0.6118518518518519,7646.0,1150.0,6101.0,402.0,9342.0,0.0,1333.0,826.0,12576.888888888889,1022.2222222222222,8304.0,1184.888888888889,734.2222222222222,16978800.0,1380000.0,11210400.0,1599600.0,991200.0,395,2024-12-02,2024-12-24
X,전년(25N),DXMR0145N,Bag,메신저백,DXMR0145NK0002,119000,35,4165000,3085.185185185185,CQ241000987,KRW,(주)인투잇,2024-10-17,5.663703703703704,0.8518518518518519,4.519259259259259,0.29777777777777775,6.92,0.0,0.9874074074074074,0.6118518518518519,7646.0,1150.0,6101.0,402.0,9342.0,0.0,1333.0,826.0,366.8259259259259,29.814814814814813,242.2,34.55925925925926,21.414814814814815,495215.0,40250.0,326970.0,46655.0,28910.0,20,2024-12-09,2024-12-09
X,전년(25N),DXMR0165N,Bag,메신저백,DXMR0165NK0001,99000,1200,118800000,88000.0,CQ241001031,KRW,(주)케이앤씨인터내셔날,2024-10-18,4.648148148148148,0.5925925925925926,2.66962962962963,0.29777777777777775,5.037037037037037,0.0,1.7866666666666666,0.894074074074074,6275.0,800.0,3604.0,402.0,6800.0,0.0,2412.0,1207.0,9138.666666666666,711.1111111111111,6044.444444444444,2144.0,1072.888888888889,12337200.0,960000.0,8160000.0,2894400.0,1448400.0,1200,2024-12-20,2024-12-20
X,전년(25N),DXSG0015N,Bag,슬링백,DXSG0015NK0001,99000,4000,396000000,293333.3333333333,CQ241200335,KRW,(주)케이앤씨인터내셔날,2024-12-05,2.631851851851852,0.7407407407407407,3.8022222222222224,0.3237037037037037,4.296296296296297,0.0,1.7207407407407407,0.48444444444444446,3553.0,1000.0,5133.0,437.0,5800.0,0.0,2323.0,654.0,27031.11111111111,2962.962962962963,17185.185185185186,6882.962962962963,1937.7777777777778,36492000.0,4000000.0,23200000.0,9292000.0,2616000.0,4000,2025-01-15,2025-01-15
X,전년(25N),DXSG0015N,Bag,슬링백,DXSG0015NK0002,99000,1000,99000000,73333.33333333333,CQ241200340,KRW,(주)케이앤씨인터내셔날,2024-12-05,2.631851851851852,0.7407407407407407,3.8022222222222224,0.3237037037037037,4.296296296296297,0.0,1.7207407407407407,0.48444444444444446,3553.0,1000.0,5133.0,437.0,5800.0,0.0,2323.0,654.0,6757.777777777777,740.7407407407408,4296.2962962962965,1720.7407407407406,484.44444444444446,9123000.0,1000000.0,5800000.0,2323000.0,654000.0,1000,2025-01-15,2025-01-15
X,전년(25N),DXSG1025N,Bag,슬링백,DXSG1025NK0001,89000,1500,133500000,98888.88888888889,CQ241001151,KRW,(주)케이앤씨인터내셔날,2024-10-22,2.011851851851852,0.9629629629629629,3.9851851851851854,0.29777777777777775,4.42962962962963,0.0,1.5718518518518518,0.4444444444444444,2716.0,1300.0,5380.0,402.0,5980.0,0.0,2122.0,600.0,9442.222222222223,1444.4444444444443,6644.444444444444,2357.777777777778,666.6666666666666,12747000.0,1950000.0,8970000.0,3183000.0,900000.0,1500,2025-02-05,2025-02-05
X,전년(25N),DXSG1025N,Bag,슬링백,DXSG1025NK0002,89000,45,4005000,2966.6666666666665,CQ241001152,KRW,(주)케이앤씨인터내셔날,2024-10-22,2.011851851851852,0.9629629629629629,3.9851851851851854,0.29777777777777775,4.42962962962963,0.0,1.5718518518518518,0.4444444444444444,2716.0,1300.0,5380.0,402.0,5980.0,0.0,2122.0,600.0,283.26666666666665,43.333333333333336,199.33333333333334,70.73333333333333,20.0,382410.0,58500.0,269100.0,95490.0,27000.0,45,2025-02-05,2025-02-05
X,전년(25N),DXSG1085N,Bag,슬링백,DXSG1085NK0002,99000,1000,99000000,73333.33333333333,CQ250100648,KRW,(주)인투잇,2025-01-15,2.2977777777777777,0.5555555555555556,5.474814814814815,0.29777777777777775,4.9688888888888885,0.0,1.6088888888888888,0.8688888888888889,3102.0,750.0,7391.0,402.0,6708.0,0.0,2172.0,1173.0,8070.37037037037,555.5555555555555,4968.888888888889,1608.888888888889,868.8888888888889,10895000.0,750000.0,6708000.0,2172000.0,1173000.0,998,2025-03-17,2025-03-19
X,전년(25N),DXSG1155N,Bag,슬링백,DXSG1155NK0001,99000,2400,237600000,176000.0,CQ241001024,KRW,(주)케이앤씨인터내셔날,2024-10-18,3.0296296296296297,0.4444444444444444,3.2325925925925927,0.29777777777777775,4.703703703703703,0.0,1.6318518518518519,0.585925925925926,4090.0,600.0,4364.0,402.0,6350.0,0.0,2203.0,791.0,15744.0,1066.6666666666667,11288.888888888889,3916.4444444444443,1406.2222222222222,21254400.0,1440000.0,15240000.0,5287200.0,1898400.0,2400,2024-12-30,2024-12-30
X,전년(25N),DXSG1215N,Bag,슬링백,DXSG1215NK0001,79000,3500,276500000,204814.8148148148,CQ241200841,KRW,(주)인투잇,2024-12-18,1.1466666666666667,0.4444444444444444,4.236296296296296,0.3237037037037037,4.111111111111111,0.0,1.1333333333333333,0.4222222222222222,1548.0,600.0,5719.0,437.0,5550.0,0.0,1530.0,570.0,19973.333333333332,1555.5555555555557,14388.888888888889,3966.6666666666665,1477.7777777777778,26964000.0,2100000.0,19425000.0,5355000.0,1995000.0,3500,2025-02-21,2025-02-21
X,전년(25N),DXSG3125N,Bag,슬링백,DXSG3125NK0001,89000,2000,178000000,131851.85185185185,CQ241200332,KRW,(주)케이앤씨인터내셔날,2024-12-05,2.1466666666666665,0.4444444444444444,3.685925925925926,0.3237037037037037,3.7777777777777777,0.0,1.5081481481481482,0.2614814814814815,2898.0,600.0,4976.0,437.0,5100.0,0.0,2036.0,353.0,12312.592592592593,888.8888888888889,7555.555555555556,3016.296296296296,522.9629629629629,16622000.0,1200000.0,10200000.0,4072000.0,706000.0,2000,2025-01-15,2025-01-15
X,전년(25N),DXSG3125N,Bag,슬링백,DXSG3125NK0002,89000,1400,124600000,92296.29629629629,CQ241200333,KRW,(주)케이앤씨인터내셔날,2024-12-05,2.1466666666666665,0.4444444444444444,3.685925925925926,0.3237037037037037,3.7777777777777777,0.0,1.5081481481481482,0.2614814814814815,2898.0,600.0,4976.0,437.0,5100.0,0.0,2036.0,353.0,8618.814814814816,622.2222222222222,5288.888888888889,2111.4074074074074,366.0740740740741,11635400.0,840000.0,7140000.0,2850400.0,494200.0,1400,2025-01-15,2025-01-15
X,전년(25N),DXSH2115N,Shoes,신발,DXSH2115NK0001,109000,7000,763000000,565185.1851851852,CQ250200479,KRW,주식회사 에스아이무역,2025-02-11,2.3355555555555556,1.04,7.625925925925926,0.04,4.407407407407407,0.0,0.4622222222222222,0.3874074074074074,3153.0,1404.0,10295.0,54.0,5950.0,0.0,624.0,523.0,70010.37037037036,7280.0,30851.85185185185,3235.5555555555557,2711.8518518518517,94514000.0,9828000.0,41650000.0,4368000.0,3661000.0,7000,2025-03-05,2025-03-21
X,전년(25N),DXSH3115N,Shoes,신발,DXSH3115NK0001,109000,5500,599500000,444074.0740740741,CQ250100718,KRW,㈜천일 상사,2025-01-17,8.155555555555555,0.26666666666666666,8.09925925925926,0.0,0.0,0.0,0.0,0.0,11010.0,360.0,10934.0,0.0,0.0,0.0,0.0,0.0,89401.48148148147,1466.6666666666667,0.0,0.0,0.0,120692000.0,1980000.0,0.0,0.0,0.0,5570,2025-03-14,2025-03-24
X,전년(25N),DXSH4115N,Shoes,신발,DXSH4115NK0001,109000,5700,621300000,460222.22222222225,CQ250100735,KRW,삼덕통상(주),2025-01-20,7.137037037037037,2.5281481481481483,2.7355555555555555,0.044444444444444446,2.5185185185185186,0.0,0.2237037037037037,1.1118518518518519,9635.0,3413.0,3693.0,60.0,3400.0,0.0,302.0,1501.0,56527.11111111111,14410.444444444445,14355.555555555555,1275.111111111111,6337.555555555556,76311600.0,19454100.0,19380000.0,1721400.0,8555700.0,5716,2025-03-17,2025-03-18
X,전년(25N),DXSH4205N,Shoes,신발,DXSH4205NC0001,199000,450,89550000,66333.33333333333,CQ250101141,KRW,㈜노바인터내쇼널,2025-01-23,3.2511111111111113,2.5385185185185186,19.107407407407408,0.3548148148148148,4.347407407407408,0.0,0.8770370370370371,5.457037037037037,4389.0,3427.0,25795.0,479.0,5869.0,0.0,1184.0,7367.0,10221.0,1142.3333333333333,1956.3333333333333,394.6666666666667,2455.6666666666665,13798350.0,1542150.0,2641050.0,532800.0,3315150.0,450,2025-02-12,2025-02-19
X,전년(25N),DXSH4205N,Shoes,신발,DXSH4205NK0001,199000,6000,1194000000,884444.4444444445,CQ241200810,KRW,㈜노바인터내쇼널,2024-12-17,3.2511111111111113,2.5385185185185186,19.107407407407408,0.3548148148148148,4.347407407407408,0.0,0.8770370370370371,3.0051851851851854,4389.0,3427.0,25795.0,479.0,5869.0,0.0,1184.0,4057.0,136280.0,15231.111111111111,26084.444444444445,5262.222222222223,18031.11111111111,183978000.0,20562000.0,35214000.0,7104000.0,24342000.0,4839,2025-02-07,2025-04-16
X,전년(25N),DXSH4305N,Shoes,신발,DXSH4305NC0001,169000,590,99710000,73859.25925925926,CQ250101142,KRW,㈜노바인터내쇼널,2025-01-23,6.17037037037037,2.274074074074074,11.903703703703703,0.3548148148148148,4.6866666666666665,0.0,0.7511111111111111,4.925925925925926,8330.0,3070.0,16070.0,479.0,6327.0,0.0,1014.0,6650.0,10873.044444444444,1341.7037037037037,2765.133333333333,443.15555555555557,2906.296296296296,14678610.0,1811300.0,3732930.0,598260.0,3923500.0,590,2025-02-14,2025-02-19
X,전년(25N),DXSH4305N,Shoes,신발,DXSH4305NK0001,169000,7000,1183000000,876296.2962962963,CQ241200758,KRW,㈜노바인터내쇼널,2024-12-16,6.17037037037037,2.274074074074074,11.903703703703703,0.3548148148148148,4.6866666666666665,0.0,0.7511111111111111,2.303703703703704,8330.0,3070.0,16070.0,479.0,6327.0,0.0,1014.0,3110.0,129002.22222222222,15918.518518518518,32806.666666666664,5257.777777777777,16125.925925925925,174153000.0,21490000.0,44289000.0,7098000.0,21770000.0,5067,2025-01-23,2025-04-16
X,전년(25N),DXSH4915N,Shoes,신발,DXSH4915NK0001,149000,1000,149000000,110370.37037037036,CQ241200811,KRW,㈜노바인터내쇼널,2024-12-17,6.334074074074074,2.368148148148148,8.362962962962962,0.3548148148148148,4.982962962962963,0.0,0.44074074074074077,1.4525925925925927,8551.0,3197.0,11290.0,479.0,6727.0,0.0,595.0,1961.0,15051.851851851852,2368.1481481481483,4982.962962962963,440.74074074074076,1452.5925925925926,20320000.0,3197000.0,6727000.0,595000.0,1961000.0,535,2025-01-24,2025-03-12
X,전년(25N),DXSH5415N,Shoes,신발,DXSH5415NK0001,199000,6000,1194000000,884444.4444444445,CQ241200812,KRW,㈜노바인터내쇼널,2024-12-17,5.071111111111111,2.2074074074074073,18.88222222222222,0.3503703703703704,3.9851851851851854,0.0,0.6029629629629629,2.382222222222222,6846.0,2980.0,25491.0,473.0,5380.0,0.0,814.0,3216.0,145822.22222222222,13244.444444444445,23911.11111111111,3617.777777777778,14293.333333333334,196860000.0,17880000.0,32280000.0,4884000.0,19296000.0,4587,2025-03-07,2025-04-16
X,전년(25N),DXSH5545N,Shoes,신발,DXSH5545NK0001,129000,10000,1290000000,955555.5555555555,CQ241201148,KRW,㈜노바인터내쇼널,2025-01-02,3.7637037037037038,2.7888888888888888,7.489629629629629,0.3548148148148148,4.525185185185185,0.0,0.557037037037037,1.6318518518518519,5081.0,3765.0,10111.0,479.0,6109.0,0.0,752.0,2203.0,116081.48148148147,27888.88888888889,45251.851851851854,5570.37037037037,16318.518518518518,156710000.0,37650000.0,61090000.0,7520000.0,22030000.0,7303,2025-02-20,2025-04-29
X,전년(25N),DXSH5545N,Shoes,신발,DXSH5545NK0002,129000,800,103200000,76444.44444444444,CQ250200540,KRW,㈜노바인터내쇼널,2025-02-12,3.7637037037037038,2.7888888888888888,7.489629629629629,0.3548148148148148,4.525185185185185,0.0,0.557037037037037,1.6318518518518519,5081.0,3765.0,10111.0,479.0,6109.0,0.0,752.0,2203.0,9286.518518518518,2231.1111111111113,3620.1481481481483,445.6296296296296,1305.4814814814815,12536800.0,3012000.0,4887200.0,601600.0,1762400.0,800,2025-04-16,2025-04-16
X,전년(25N),DXSH5545N,Shoes,신발,DXSH5545NK0003,129000,1020,131580000,97466.66666666667,CQ250200541,KRW,㈜노바인터내쇼널,2025-02-12,3.7637037037037038,2.7888888888888888,7.489629629629629,0.3548148148148148,4.525185185185185,0.0,0.557037037037037,1.6318518518518519,5081.0,3765.0,10111.0,479.0,6109.0,0.0,752.0,2203.0,11840.31111111111,2844.6666666666665,4615.688888888889,568.1777777777778,1664.4888888888888,15984420.0,3840300.0,6231180.0,767040.0,2247060.0,1020,2025-04-17,2025-04-17
X,전년(25N),DXSH5555N,Shoes,신발,DXSH5555NK0001,129000,3000,387000000,286666.6666666667,CQ241201153,KRW,㈜노바인터내쇼널,2025-01-02,4.1829629629629625,1.2014814814814814,7.573333333333333,0.37037037037037035,6.118518518518519,0.0,0.5725925925925925,1.6844444444444444,5647.0,1622.0,10224.0,500.0,8260.0,0.0,773.0,2274.0,36380.0,3604.4444444444443,18355.555555555555,1717.7777777777778,5053.333333333333,49113000.0,4866000.0,24780000.0,2319000.0,6822000.0,2442,2025-04-04,2025-04-16
X,전년(25N),DXSH5555N,Shoes,신발,DXSH5555NK0002,129000,240,30960000,22933.333333333332,CQ250400042,KRW,㈜노바인터내쇼널,2025-04-03,4.1829629629629625,1.2014814814814814,7.573333333333333,0.37037037037037035,6.118518518518519,0.0,0.5725925925925925,1.6844444444444444,5647.0,1622.0,10224.0,500.0,8260.0,0.0,773.0,2274.0,2910.4,288.35555555555555,1468.4444444444443,137.42222222222222,404.26666666666665,3929040.0,389280.0,1982400.0,185520.0,545760.0,190,2025-04-15,2025-04-15
X,전년(25N),DXSH5555N,Shoes,신발,DXSH5555NK0003,129000,850,109650000,81222.22222222222,CQ250400043,KRW,㈜노바인터내쇼널,2025-04-03,4.1829629629629625,1.2014814814814814,7.573333333333333,0.37037037037037035,6.118518518518519,0.0,0.5725925925925925,1.6844444444444444,5647.0,1622.0,10224.0,500.0,8260.0,0.0,773.0,2274.0,10307.666666666666,1021.2592592592592,5200.740740740741,486.7037037037037,1431.7777777777778,13915350.0,1378700.0,7021000.0,657050.0,1932900.0,732,2025-04-15,2025-04-15
X,전년(25N),DXSH7275N,Shoes,신발,DXSH7275NC0001,99000,430,42570000,31533.333333333332,CQ250200697,KRW,티엠에스코리아 주식회사,2025-02-20,5.66074074074074,1.8296296296296297,0.737037037037037,0.3037037037037037,3.740740740740741,0.0,1.7955555555555556,4.40962962962963,7642.0,2470.0,995.0,410.0,5050.0,0.0,2424.0,5953.0,2881.637037037037,786.7407407407408,1608.5185185185185,772.0888888888888,1896.1407407407407,3890210.0,1062100.0,2171500.0,1042320.0,2559790.0,430,2025-03-09,2025-03-09
X,전년(25N),DXSH7275N,Shoes,신발,DXSH7275NK0001,99000,7800,772200000,572000.0,CQ250200532,KRW,티엠에스코리아 주식회사,2025-02-12,5.662962962962963,1.8296296296296297,0.737037037037037,0.3037037037037037,3.740740740740741,0.0,1.7955555555555556,0.7466666666666667,7645.0,2470.0,995.0,410.0,5050.0,0.0,2424.0,1008.0,52288.88888888889,14271.111111111111,29177.777777777777,14005.333333333334,5824.0,70590000.0,19266000.0,39390000.0,18907200.0,7862400.0,7800,2025-04-02,2025-04-28
X,전년(25N),DXSH7275N,Shoes,신발,DXSH7275NK0002,99000,800,79200000,58666.666666666664,CQ250200735,KRW,티엠에스코리아 주식회사,2025-02-21,5.662962962962963,1.8296296296296297,0.737037037037037,0.3037037037037037,3.740740740740741,0.0,1.7955555555555556,0.7466666666666667,7645.0,2470.0,995.0,410.0,5050.0,0.0,2424.0,1008.0,5362.962962962963,1463.7037037037037,2992.5925925925926,1436.4444444444443,597.3333333333334,7240000.0,1976000.0,4040000.0,1939200.0,806400.0,800,2025-04-16,2025-04-16
X,전년(25N),DXSH7275N,Shoes,신발,DXSH7275NK0003,99000,2500,247500000,183333.33333333334,CQ250500179,KRW,티엠에스코리아 주식회사,2025-05-07,5.9688888888888885,1.8296296296296297,0.737037037037037,0.3037037037037037,3.740740740740741,0.0,1.8414814814814815,0.762962962962963,8058.0,2470.0,995.0,410.0,5050.0,0.0,2486.0,1030.0,17524.074074074073,4574.074074074074,9351.851851851852,4603.7037037037035,1907.4074074074074,23657500.0,6175000.0,12625000.0,6215000.0,2575000.0,2400,2025-05-20,2025-05-29
X,전년(25N),DXSH7285N,Shoes,신발,DXSH7285NC0001,89000,871,77519000,57421.48148148148,CQ250400977,KRW,티엠에스코리아 주식회사,2025-04-21,5.333333333333333,1.8296296296296297,0.7577777777777778,0.3037037037037037,3.417777777777778,0.0,1.7007407407407407,2.042962962962963,7200.0,2470.0,1023.0,410.0,4614.0,0.0,2296.0,2758.0,5569.883703703704,1593.6074074074074,2976.8844444444444,1481.345185185185,1779.4207407407407,7519343.0,2151370.0,4018794.0,1999816.0,2402218.0,871,2025-05-07,2025-05-07
X,전년(25N),DXSH7285N,Shoes,신발,DXSH7285NK0001,89000,7500,667500000,494444.44444444444,CQ250200527,KRW,티엠에스코리아 주식회사,2025-02-11,5.333333333333333,1.8296296296296297,0.7577777777777778,0.3037037037037037,3.417777777777778,0.0,1.7007407407407407,0.7318518518518519,7200.0,2470.0,1023.0,410.0,4614.0,0.0,2296.0,988.0,47961.11111111111,13722.222222222223,25633.333333333332,12755.555555555555,5488.888888888889,64747500.0,18525000.0,34605000.0,17220000.0,7410000.0,6629,2025-03-06,2025-03-21
X,전년(25N),DXSO7035N,Acc_etc,양말,DXSO7035NK0001,10000,5600,56000000,41481.48148148148,CQ241200169,KRW,에스에이치어패럴(주),2024-12-03,0.4148148148148148,0.0,0.2074074074074074,0.0,0.4740740740740741,0.0,0.16444444444444445,0.0,560.0,0.0,280.0,0.0,640.0,0.0,222.0,0.0,3484.4444444444443,0.0,2654.814814814815,920.8888888888889,0.0,4704000.0,0.0,3584000.0,1243200.0,0.0,5600,2025-01-17,2025-02-10
X,전년(25N),DXSO7055N,Acc_etc,양말,DXSO7055NK0001,13000,4300,55900000,41407.40740740741,CQ241101707,KRW,㈜범창모산,2024-11-27,0.9311111111111111,0.0,0.17851851851851852,0.0,0.7703703703703704,0.0,0.0,0.042222222222222223,1257.0,0.0,241.0,0.0,1040.0,0.0,0.0,57.0,4771.407407407408,0.0,3312.5925925925926,0.0,181.55555555555554,6441400.0,0.0,4472000.0,0.0,245100.0,4300,2024-12-11,2025-05-02
X,전년(25N),DXSO7065N,Acc_etc,양말,DXSO7065NK0001,11000,2500,27500000,20370.37037037037,CQ241101706,KRW,㈜범창모산,2024-11-27,0.8155555555555556,0.0,0.17851851851851852,0.0,0.5925925925925926,0.0,0.0,0.042222222222222223,1101.0,0.0,241.0,0.0,800.0,0.0,0.0,57.0,2485.185185185185,0.0,1481.4814814814815,0.0,105.55555555555556,3355000.0,0.0,2000000.0,0.0,142500.0,2500,2024-12-11,2025-05-02
X,전년(25N),DXSO7075N,Acc_etc,양말,DXSO7075NK0001,10000,3800,38000000,28148.14814814815,CQ241101705,KRW,㈜범창모산,2024-11-27,0.7392592592592593,0.0,0.17851851851851852,0.0,0.5185185185185185,0.0,0.0,0.042222222222222223,998.0,0.0,241.0,0.0,700.0,0.0,0.0,57.0,3487.5555555555557,0.0,1970.3703703703704,0.0,160.44444444444446,4708200.0,0.0,2660000.0,0.0,216600.0,3800,2024-12-11,2025-05-02
X,전년(25N),DXSO7085N,Acc_etc,양말,DXSO7085NK0001,12000,3400,40800000,30222.222222222223,CQ241101991,KRW,에스에이치어패럴(주),2024-11-29,0.5311111111111111,0.0,0.2074074074074074,0.0,0.35555555555555557,0.0,0.16444444444444445,0.0,717.0,0.0,280.0,0.0,480.0,0.0,222.0,0.0,2510.962962962963,0.0,1208.888888888889,559.1111111111111,0.0,3389800.0,0.0,1632000.0,754800.0,0.0,3400,2025-02-13,2025-03-06
X,전년(25N),DXSO7095N,Acc_etc,양말,DXSO7095NC0001,7000,760,5320000,3940.740740740741,CQ250100129,KRW,㈜범창모산,2025-01-03,0.2837037037037037,0.0,0.4362962962962963,0.0,0.3111111111111111,0.0,0.15481481481481482,0.37333333333333335,383.0,0.0,589.0,0.0,420.0,0.0,209.0,504.0,547.2,0.0,236.44444444444446,117.65925925925926,283.73333333333335,738720.0,0.0,319200.0,158840.0,383040.0,760,2025-01-07,2025-01-07
X,전년(25N),DXSO7095N,Acc_etc,양말,DXSO7095NK0001,7000,2400,16800000,12444.444444444445,CQ241101704,KRW,㈜범창모산,2024-11-27,0.2837037037037037,0.0,0.20814814814814814,0.0,0.4666666666666667,0.0,0.0,0.042222222222222223,383.0,0.0,281.0,0.0,630.0,0.0,0.0,57.0,1180.4444444444443,0.0,1120.0,0.0,101.33333333333333,1593600.0,0.0,1512000.0,0.0,136800.0,1640,2024-12-11,2025-05-02
X,전년(25N),DXSO7115N,Acc_etc,양말,DXSO7115NC0001,9000,940,8460000,6266.666666666667,CQ250100130,KRW,㈜범창모산,2025-01-03,0.5725925925925925,0.0,0.37703703703703706,0.0,0.5014814814814815,0.0,0.21777777777777776,0.3088888888888889,773.0,0.0,509.0,0.0,677.0,0.0,294.0,417.0,892.6518518518518,0.0,471.3925925925926,204.7111111111111,290.35555555555555,1205080.0,0.0,636380.0,276360.0,391980.0,940,2025-01-07,2025-01-07
X,전년(25N),DXSO7115N,Acc_etc,양말,DXSO7115NK0001,9000,4100,36900000,27333.333333333332,CQ241101677,KRW,㈜범창모산,2024-11-27,0.5725925925925925,0.0,0.17851851851851852,0.0,0.5407407407407407,0.0,0.0,0.042222222222222223,773.0,0.0,241.0,0.0,730.0,0.0,0.0,57.0,3079.5555555555557,0.0,2217.037037037037,0.0,173.11111111111111,4157400.0,0.0,2993000.0,0.0,233700.0,3160,2024-12-11,2024-12-11
X,전년(24N),DXBK0024N,Bag,백팩,DXBK0024NK0003,169000,2600,439400000,325481.48148148146,CQ241200337,KRW,(주)케이앤씨인터내셔날,2024-12-05,7.051851851851852,1.6666666666666667,7.248888888888889,0.29777777777777775,6.518518518518518,0.0,2.473333333333333,1.0392592592592593,9520.0,2250.0,9786.0,402.0,8800.0,0.0,3339.0,1403.0,37956.148148148146,4333.333333333333,16948.14814814815,6430.666666666667,2702.074074074074,51240800.0,5850000.0,22880000.0,8681400.0,3647800.0,2600,2025-01-23,2025-01-23
X,전년(24N),DXBK0064N,Bag,백팩,DXBK0064NK0002,159000,1000,159000000,117777.77777777778,CQ241200265,KRW,(주)씨앤에이치리미티드,2024-12-03,6.44,0.762962962962963,7.222962962962963,0.25333333333333335,6.757037037037037,0.0,3.1777777777777776,1.1644444444444444,8694.0,1030.0,9751.0,342.0,9122.0,0.0,4290.0,1572.0,13916.296296296296,762.9629629629629,6757.037037037037,3177.777777777778,1164.4444444444443,18787000.0,1030000.0,9122000.0,4290000.0,1572000.0,1000,2025-01-15,2025-01-15
X,전년(24N),DXBK0064N,Bag,백팩,DXBK0064NK0003,159000,400,63600000,47111.11111111111,CQ241200266,KRW,(주)씨앤에이치리미티드,2024-12-03,6.44,0.762962962962963,7.222962962962963,0.25333333333333335,6.757037037037037,0.0,3.1777777777777776,1.1644444444444444,8694.0,1030.0,9751.0,342.0,9122.0,0.0,4290.0,1572.0,5566.518518518518,305.18518518518516,2702.814814814815,1271.111111111111,465.77777777777777,7514800.0,412000.0,3648800.0,1716000.0,628800.0,400,2025-01-15,2025-01-15
X,전년(24N),DXBN5564N,Headwear,비니,DXBN5564NK0001,39000,3000,117000000,86666.66666666667,CQ240701056,KRW,정화무역,2024-07-24,0.72,0.2659259259259259,2.04,0.27555555555555555,1.6296296296296295,0.0,0.6985185185185185,0.08148148148148149,972.0,359.0,2754.0,372.0,2200.0,0.0,943.0,110.0,9106.666666666666,797.7777777777778,4888.888888888889,2095.5555555555557,244.44444444444446,12294000.0,1077000.0,6600000.0,2829000.0,330000.0,0,2025-01-06,2025-01-09
X,전년(24N),DXBN5574N,Headwear,비니,DXBN5574NK0001,39000,2200,85800000,63555.555555555555,CQ240701055,KRW,정화무역,2024-07-24,0.6688888888888889,0.2651851851851852,1.8177777777777777,0.27555555555555555,1.5555555555555556,0.0,0.6459259259259259,0.08148148148148149,903.0,358.0,2454.0,372.0,2100.0,0.0,872.0,110.0,6076.888888888889,583.4074074074074,3422.222222222222,1421.037037037037,179.25925925925927,8203800.0,787600.0,4620000.0,1918400.0,242000.0,0,2025-01-06,2025-01-09
X,전년(24N),DXBN5614N,Headwear,비니,DXBN5614NK0001,49000,2200,107800000,79851.85185185185,CQ240701058,KRW,정화무역,2024-07-24,1.7666666666666666,0.2222222222222222,2.0866666666666664,0.27555555555555555,1.6296296296296295,0.0,0.8555555555555555,0.08148148148148149,2385.0,300.0,2817.0,372.0,2200.0,0.0,1155.0,110.0,9083.555555555555,488.8888888888889,3585.185185185185,1882.2222222222222,179.25925925925927,12262800.0,660000.0,4840000.0,2541000.0,242000.0,0,2025-01-06,2025-01-09
X,전년(24N),DXCP5014N,Headwear,운동모,DXCP5014NK0001,39000,8500,331500000,245555.55555555556,CQ230900735,KRW,애니웨어파이브,2023-09-27,0.8703703703703703,0.08888888888888889,0.7814814814814814,0.21851851851851853,2.2222222222222223,0.0,0.5948148148148148,0.4792592592592593,1175.0,120.0,1055.0,295.0,3000.0,0.0,803.0,647.0,15898.148148148148,755.5555555555555,18888.88888888889,5055.925925925926,4073.703703703704,21462500.0,1020000.0,25500000.0,6825500.0,5499500.0,0,2025-01-06,2025-01-09
X,전년(24N),DXCP5064N,Headwear,운동모,DXCP5064NK0002,45000,1400,63000000,46666.666666666664,CQ240501719,KRW,주식회사 피앤지아이엔씨,2024-05-27,0.9481481481481482,0.7666666666666667,1.1474074074074074,0.2562962962962963,2.074074074074074,0.0,0.7407407407407407,0.28814814814814815,1280.0,1035.0,1549.0,346.0,2800.0,0.0,1000.0,389.0,3292.5925925925926,1073.3333333333333,2903.703703703704,1037.037037037037,403.4074074074074,4445000.0,1449000.0,3920000.0,1400000.0,544600.0,-2,2025-01-23,2025-01-23
X,전년(24N),DXCP5544N,Headwear,운동모,DXCP5544NK0001,79000,1900,150100000,111185.18518518518,CQ240700400,KRW,애니웨어파이브,2024-07-12,2.58,1.3703703703703705,0.40444444444444444,0.30518518518518517,3.1037037037037036,0.0,1.1185185185185185,0.3237037037037037,3483.0,1850.0,546.0,412.0,4190.0,0.0,1510.0,437.0,6250.2962962962965,2603.703703703704,5897.037037037037,2125.185185185185,615.0370370370371,8437900.0,3515000.0,7961000.0,2869000.0,830300.0,0,2025-01-06,2025-01-09
X,전년(24N),DXCR3504N,Bag,크로스백,DXCR3504NK0001,119000,2600,309400000,229185.1851851852,CQ240501894,KRW,(주)씨앤에이치리미티드,2024-05-31,7.101481481481481,0.2962962962962963,1.48,0.29777777777777775,5.075555555555556,0.0,2.0933333333333333,0.5474074074074075,9587.0,400.0,1998.0,402.0,6852.0,0.0,2826.0,739.0,23086.074074074073,770.3703703703703,13196.444444444445,5442.666666666667,1423.2592592592594,31166200.0,1040000.0,17815200.0,7347600.0,1921400.0,0,2025-01-06,2025-01-09
X,전년(24N),DXDC4914N,Acc_etc,다운 스카프,DXDC4914NK0001,49000,14000,686000000,508148.14814814815,CQ240700992,KRW,아이카,2024-07-24,1.8592592592592592,0.14814814814814814,0.9,0.2311111111111111,3.6296296296296298,0.0,0.9807407407407407,0.02148148148148148,2510.0,200.0,1215.0,312.0,4900.0,0.0,1324.0,29.0,41865.18518518518,2074.074074074074,50814.81481481482,13730.37037037037,300.74074074074076,56518000.0,2800000.0,68600000.0,18536000.0,406000.0,0,2024-12-12,2025-01-09
X,전년(24N),DXDC4944N,Acc_etc,다운 스카프,DXDC4944NK0001,69000,3800,262200000,194222.22222222222,CQ240701004,KRW,아이카,2024-07-24,1.5185185185185186,2.5925925925925926,1.5133333333333334,0.2311111111111111,3.7777777777777777,0.0,1.4103703703703703,0.04666666666666667,2050.0,3500.0,2043.0,312.0,5100.0,0.0,1904.0,63.0,12399.25925925926,9851.851851851852,14355.555555555555,5359.407407407408,177.33333333333334,16739000.0,13300000.0,19380000.0,7235200.0,239400.0,0,2025-01-06,2025-01-09
X,전년(24N),DXDC4974N,Acc_etc,다운 스카프,DXDC4974NK0002,45000,5000,225000000,166666.66666666666,CQ241101450,KRW,아이카,2024-11-20,1.4696296296296296,0.2962962962962963,0.9022222222222223,0.2311111111111111,3.6296296296296298,0.0,0.9444444444444444,0.02962962962962963,1984.0,400.0,1218.0,312.0,4900.0,0.0,1275.0,40.0,13014.814814814816,1481.4814814814815,18148.14814814815,4722.222222222223,148.14814814814815,17570000.0,2000000.0,24500000.0,6375000.0,200000.0,3050,2024-12-10,2024-12-12
X,전년(24N),DXLP1104N,Shoes,슬리퍼,DXLP1104NK0004,39000,1200,46800000,34666.666666666664,CQ250100686,KRW,티엠에스코리아 주식회사,2025-01-16,2.7074074074074073,0.2222222222222222,0.642962962962963,0.3037037037037037,2.0948148148148147,0.0,0.8503703703703703,0.585925925925926,3655.0,300.0,868.0,410.0,2828.0,0.0,1148.0,791.0,4384.888888888889,266.6666666666667,2513.777777777778,1020.4444444444445,703.1111111111111,5919600.0,360000.0,3393600.0,1377600.0,949200.0,1200,2025-04-16,2025-04-16
X,전년(24N),DXLP1104N,Shoes,슬리퍼,DXLP1104NK0005,39000,9900,386100000,286000.0,CQ250100687,KRW,티엠에스코리아 주식회사,2025-01-16,2.7074074074074073,0.2222222222222222,0.642962962962963,0.3037037037037037,2.0948148148148147,0.0,0.8503703703703703,0.585925925925926,3655.0,300.0,868.0,410.0,2828.0,0.0,1148.0,791.0,36175.333333333336,2200.0,20738.666666666668,8418.666666666666,5800.666666666667,48836700.0,2970000.0,27997200.0,11365200.0,7830900.0,9991,2025-02-25,2025-03-13
X,전년(24N),DXLP1104N,Shoes,슬리퍼,DXLP1104NK0006,39000,8100,315900000,234000.0,CQ250100688,KRW,티엠에스코리아 주식회사,2025-01-16,2.7074074074074073,0.2222222222222222,0.642962962962963,0.3037037037037037,2.0948148148148147,0.0,0.8503703703703703,0.585925925925926,3655.0,300.0,868.0,410.0,2828.0,0.0,1148.0,791.0,29598.0,1800.0,16968.0,6888.0,4746.0,39957300.0,2430000.0,22906800.0,9298800.0,6407100.0,8100,2025-04-02,2025-04-02
X,전년(24N),DXML7124N,Acc_etc,토시,DXML7124NK0001,25000,12000,300000000,222222.22222222222,CQ231201601,KRW,㈜아이앤지,2023-12-22,0.9333333333333333,0.6459259259259259,0.08888888888888889,0.07629629629629629,0.674074074074074,0.0,0.3511111111111111,0.047407407407407405,1260.0,872.0,120.0,103.0,910.0,0.0,474.0,64.0,13182.222222222223,7751.111111111111,8088.888888888889,4213.333333333333,568.8888888888889,17796000.0,10464000.0,10920000.0,5688000.0,768000.0,0,2025-03-11,2025-03-19
X,전년(24N),DXSH4714N,Shoes,신발,DXSH4714NC0002,199000,885,176115000,130455.55555555556,CQ241201048,KRW,삼덕통상(주),2024-12-26,19.345185185185183,2.488888888888889,2.77037037037037,0.044444444444444446,6.666666666666667,0.0,1.3133333333333332,5.163703703703704,26116.0,3360.0,3740.0,60.0,9000.0,0.0,1773.0,6971.0,19611.6,2202.6666666666665,5900.0,1162.3,4569.877777777778,26475660.0,2973600.0,7965000.0,1569105.0,6169335.0,879,2024-12-27,2025-02-28
X,전년(24N),DXSH4714N,Shoes,신발,DXSH4714NK0001,199000,38000,7562000000,5601481.481481481,CQ231101589,KRW,삼덕통상(주),2023-11-21,18.725925925925925,3.0074074074074075,2.6096296296296297,0.044444444444444446,3.2444444444444445,0.0,0.7451851851851852,1.402962962962963,25280.0,4060.0,3523.0,60.0,4380.0,0.0,1006.0,1894.0,812440.0,114281.48148148147,123288.88888888889,28317.037037037036,53312.59259259259,1096794000.0,154280000.0,166440000.0,38228000.0,71972000.0,-912,2024-12-03,2025-02-19
X,전년(24N),DXSH4814N,Shoes,신발,DXSH4814NC0002,149000,405,60345000,44700.0,CQ241201041,KRW,주식회사 에스아이무역,2024-12-24,4.38,2.137037037037037,8.547407407407407,0.05851851851851852,5.42962962962963,0.0,1.085925925925926,1.162962962962963,5913.0,2885.0,11539.0,79.0,7330.0,0.0,1466.0,1570.0,5259.3,865.5,2199.0,439.8,471.0,7100055.0,1168425.0,2968650.0,593730.0,635850.0,405,2025-01-14,2025-01-14
X,전년(24N),DXSH4814N,Shoes,신발,DXSH4814NC0003,149000,760,113240000,83881.48148148147,CQ241201025,KRW,주식회사 에스아이무역,2024-12-24,4.582222222222223,1.662962962962963,8.648148148148149,0.05851851851851852,6.42962962962963,0.0,1.2155555555555555,3.620740740740741,6186.0,2245.0,11675.0,79.0,8680.0,0.0,1641.0,4888.0,10099.555555555555,1263.851851851852,4886.518518518518,923.8222222222222,2751.762962962963,13634400.0,1706200.0,6596800.0,1247160.0,3714880.0,760,2024-12-27,2025-02-26
X,전년(24N),DXSH4814N,Shoes,신발,DXSH4814NK0001,149000,12000,1788000000,1324444.4444444445,CQ231101776,KRW,주식회사 에스아이무역,2023-11-27,4.583703703703704,1.5888888888888888,8.63111111111111,0.05851851851851852,5.444444444444445,0.0,0.9111111111111111,0.8555555555555555,6188.0,2145.0,11652.0,79.0,7350.0,0.0,1230.0,1155.0,159280.0,19066.666666666668,65333.333333333336,10933.333333333334,10266.666666666666,215028000.0,25740000.0,88200000.0,14760000.0,13860000.0,-381,2024-12-09,2025-02-03
X,전년(24N),DXSH4814N,Shoes,신발,DXSH4814NK0002,149000,3000,447000000,331111.1111111111,CQ240101096,KRW,주식회사 에스아이무역,2024-01-24,4.583703703703704,1.5888888888888888,8.63111111111111,0.05851851851851852,5.444444444444445,0.0,0.9111111111111111,0.8555555555555555,6188.0,2145.0,11652.0,79.0,7350.0,0.0,1230.0,1155.0,39820.0,4766.666666666667,16333.333333333334,2733.3333333333335,2566.6666666666665,53757000.0,6435000.0,22050000.0,3690000.0,3465000.0,-381,2024-12-09,2025-02-03
X,전년(24N),DXSH4814N,Shoes,신발,DXSH4814NK0009,149000,1780,265220000,196459.25925925927,CQ240800482,KRW,주식회사 에스아이무역,2024-08-20,4.582222222222223,1.5888888888888888,8.633333333333333,0.05851851851851852,5.444444444444445,0.0,0.9111111111111111,0.8555555555555555,6186.0,2145.0,11655.0,79.0,7350.0,0.0,1230.0,1155.0,23627.85185185185,2828.222222222222,9691.111111111111,1621.7777777777778,1522.888888888889,31897600.0,3818100.0,13083000.0,2189400.0,2055900.0,1701,2024-12-02,2025-02-03
X,전년(24N),DXSH4814N,Shoes,신발,DXSH4814NK0010,149000,6500,968500000,717407.4074074074,CQ250100264,KRW,주식회사 에스아이무역,2025-01-06,4.582222222222223,1.5888888888888888,8.633333333333333,0.05851851851851852,5.444444444444445,0.0,0.9111111111111111,0.8555555555555555,6186.0,2145.0,11655.0,79.0,7350.0,0.0,1230.0,1155.0,86281.48148148147,10327.777777777777,35388.88888888889,5922.222222222223,5561.111111111111,116480000.0,13942500.0,47775000.0,7995000.0,7507500.0,6500,2025-01-07,2025-03-05
X,전년(24N),DXSH4904N,Shoes,신발,DXSH4904NC0002,149000,495,73755000,54633.333333333336,CQ250100697,KRW,㈜노바인터내쇼널,2025-01-16,8.09037037037037,2.220740740740741,3.8555555555555556,0.3540740740740741,5.822962962962963,0.0,0.6,2.471111111111111,10922.0,2998.0,5205.0,478.0,7861.0,0.0,810.0,3336.0,6088.5,1099.2666666666667,2882.366666666667,297.0,1223.2,8219475.0,1484010.0,3891195.0,400950.0,1651320.0,378,2025-01-17,2025-01-24
X,전년(24N),DXSH4904N,Shoes,신발,DXSH4904NC0003,149000,335,49915000,36974.07407407407,CQ241200980,KRW,㈜노바인터내쇼널,2024-12-23,6.334074074074074,2.368148148148148,8.362962962962962,0.3548148148148148,5.865185185185185,0.0,0.4585185185185185,2.5007407407407407,8551.0,3197.0,11290.0,479.0,7918.0,0.0,619.0,3376.0,5042.37037037037,793.3296296296296,1964.8370370370371,153.6037037037037,837.7481481481482,6807200.0,1070995.0,2652530.0,207365.0,1130960.0,335,2024-12-27,2025-02-27
X,전년(24N),DXSH4904N,Shoes,신발,DXSH4904NC0004,149000,138,20562000,15231.111111111111,CQ250100115,KRW,㈜노바인터내쇼널,2025-01-02,8.09037037037037,2.220740740740741,3.8555555555555556,0.3540740740740741,5.822962962962963,0.0,0.6,2.471111111111111,10922.0,2998.0,5205.0,478.0,7861.0,0.0,810.0,3336.0,1697.4,306.46222222222224,803.5688888888889,82.8,341.0133333333333,2291490.0,413724.0,1084818.0,111780.0,460368.0,138,2025-01-03,2025-01-03
X,전년(24N),DXSH4904N,Shoes,신발,DXSH4904NK0001,149000,13000,1937000000,1434814.8148148148,CQ240501908,KRW,㈜노바인터내쇼널,2024-06-20,8.09037037037037,2.220740740740741,3.8555555555555556,0.3548148148148148,5.822962962962963,0.0,0.6,1.1296296296296295,10922.0,2998.0,5205.0,479.0,7861.0,0.0,810.0,1525.0,159909.62962962964,28869.62962962963,75698.51851851853,7800.0,14685.185185185184,215878000.0,38974000.0,102193000.0,10530000.0,19825000.0,-488,2024-12-09,2025-02-05
X,전년(24N),DXSH4904N,Shoes,신발,DXSH4904NK0002,149000,2420,360580000,267096.2962962963,CQ241200493,KRW,㈜노바인터내쇼널,2024-12-11,8.09037037037037,2.220740740740741,3.8555555555555556,0.3548148148148148,5.822962962962963,0.0,0.6,1.1296296296296295,10922.0,2998.0,5205.0,479.0,7861.0,0.0,810.0,1525.0,29767.792592592592,5374.1925925925925,14091.570370370371,1452.0,2733.703703703704,40186520.0,7255160.0,19023620.0,1960200.0,3690500.0,1325,2024-12-31,2025-03-12
X,전년(24N),DXSH5414N,Shoes,신발,DXSH5414NK0001,169000,7200,1216800000,901333.3333333334,CQ240600093,KRW,㈜노바인터내쇼널,2024-06-20,11.37111111111111,2.6414814814814815,2.6266666666666665,0.3548148148148148,5.504444444444444,0.0,0.0,2.4644444444444447,15351.0,3566.0,3546.0,479.0,7431.0,0.0,0.0,3327.0,103338.66666666667,19018.666666666668,39632.0,0.0,17744.0,139507200.0,25675200.0,53503200.0,0.0,23954400.0,-5674,2025-03-25,2025-04-29
X,전년(24N),DXSH5534N,Shoes,신발,DXSH5534NK0003,119000,4000,476000000,352592.5925925926,CQ241101713,KRW,삼덕통상(주),2024-11-27,8.222962962962963,2.3585185185185185,2.782962962962963,0.044444444444444446,3.3333333333333335,0.0,0.6348148148148148,1.1414814814814815,11101.0,3184.0,3757.0,60.0,4500.0,0.0,857.0,1541.0,44201.48148148148,9434.074074074075,13333.333333333334,2539.259259259259,4565.925925925926,59672000.0,12736000.0,18000000.0,3428000.0,6164000.0,4033,2024-12-02,2025-01-08
X,전년(24N),DXSH7244N,Shoes,신발,DXSH7244NC0001,109000,1105,120445000,89218.51851851853,CQ250200700,KRW,티엠에스코리아 주식회사,2025-02-20,5.331851851851852,2.074074074074074,0.9155555555555556,0.3037037037037037,4.911111111111111,0.0,1.9851851851851852,2.4318518518518517,7198.0,2800.0,1236.0,410.0,6630.0,0.0,2680.0,3283.0,7238.977777777778,2291.8518518518517,5426.777777777777,2193.6296296296296,2687.196296296296,9772620.0,3094000.0,7326150.0,2961400.0,3627715.0,1105,2025-03-09,2025-03-09
X,전년(24N),DXSH7244N,Shoes,신발,DXSH7244NK0009,109000,15600,1700400000,1259555.5555555555,CQ250200619,KRW,티엠에스코리아 주식회사,2025-02-17,5.33925925925926,2.074074074074074,0.9155555555555556,0.3037037037037037,4.911111111111111,0.0,1.9859259259259259,0.7733333333333333,7208.0,2800.0,1236.0,410.0,6630.0,0.0,2681.0,1044.0,102312.88888888889,32355.555555555555,76613.33333333333,30980.444444444445,12064.0,138122400.0,43680000.0,103428000.0,41823600.0,16286400.0,15600,2025-02-21,2025-05-26
X,전년(24N),DXSH7244N,Shoes,신발,DXSH7244NK0010,109000,1000,109000000,80740.74074074074,CQ250200620,KRW,티엠에스코리아 주식회사,2025-02-17,5.33925925925926,2.074074074074074,0.9155555555555556,0.3037037037037037,4.911111111111111,0.0,1.9859259259259259,0.7733333333333333,7208.0,2800.0,1236.0,410.0,6630.0,0.0,2681.0,1044.0,6558.518518518518,2074.074074074074,4911.111111111111,1985.9259259259259,773.3333333333334,8854000.0,2800000.0,6630000.0,2681000.0,1044000.0,1000,2025-04-16,2025-04-16
X,전년(24N),DXSH7244N,Shoes,신발,DXSH7244NK0011,109000,710,77390000,57325.92592592593,CQ250200621,KRW,티엠에스코리아 주식회사,2025-02-17,5.33925925925926,2.074074074074074,0.9155555555555556,0.3037037037037037,4.911111111111111,0.0,1.9859259259259259,0.7733333333333333,7208.0,2800.0,1236.0,410.0,6630.0,0.0,2681.0,1044.0,4656.548148148148,1472.5925925925926,3486.8888888888887,1410.0074074074073,549.0666666666667,6286340.0,1988000.0,4707300.0,1903510.0,741240.0,710,2025-04-17,2025-04-17
X,전년(24N),DXSH7244N,Shoes,신발,DXSH7244NK0012,109000,4000,436000000,322962.962962963,CQ250200622,KRW,티엠에스코리아 주식회사,2025-02-17,5.33925925925926,2.074074074074074,0.9155555555555556,0.3037037037037037,4.911111111111111,0.0,1.9859259259259259,0.7733333333333333,7208.0,2800.0,1236.0,410.0,6630.0,0.0,2681.0,1044.0,26234.074074074073,8296.296296296296,19644.444444444445,7943.7037037037035,3093.3333333333335,35416000.0,11200000.0,26520000.0,10724000.0,4176000.0,4000,2025-04-21,2025-04-21
X,전년(24N),DXSH7314N,Shoes,신발,DXSH7314NC0001,89000,760,67640000,50103.7037037037,CQ250400976,KRW,티엠에스코리아 주식회사,2025-04-21,6.156296296296296,0.0,1.4259259259259258,0.2992592592592593,3.037037037037037,0.0,1.5925925925925926,1.828148148148148,8311.0,0.0,1925.0,404.0,4100.0,0.0,2150.0,2468.0,5989.925925925926,0.0,2308.1481481481483,1210.3703703703704,1389.3925925925926,8086400.0,0.0,3116000.0,1634000.0,1875680.0,760,2025-05-07,2025-05-07
X,전년(24N),DXSH7314N,Shoes,신발,DXSH7314NK0002,89000,4050,360450000,267000.0,CQ250400944,KRW,티엠에스코리아 주식회사,2025-04-18,6.156296296296296,0.0,1.4259259259259258,0.2992592592592593,3.037037037037037,0.0,1.5925925925925926,0.7466666666666667,8311.0,0.0,1925.0,404.0,4100.0,0.0,2150.0,1008.0,31920.0,0.0,12300.0,6450.0,3024.0,43092000.0,0.0,16605000.0,8707500.0,4082400.0,4050,2025-05-20,2025-05-29
X,전년(24N),DXSO7014N,Acc_etc,양말,DXSO7014NC0001,12000,1090,13080000,9688.888888888889,CQ250100361,KRW,에스에이치어패럴(주),2025-01-09,0.5281481481481481,0.0,0.05037037037037037,0.1259259259259259,0.6518518518518519,0.0,0.18444444444444444,0.3274074074074074,713.0,0.0,68.0,170.0,880.0,0.0,249.0,442.0,767.8444444444444,0.0,710.5185185185185,201.04444444444445,356.8740740740741,1036590.0,0.0,959200.0,271410.0,481780.0,1090,2025-01-13,2025-01-13
X,전년(24N),DXSO7014N,Acc_etc,양말,DXSO7014NK0002,12000,5000,60000000,44444.444444444445,CQ250100360,KRW,에스에이치어패럴(주),2025-01-09,0.5281481481481481,0.0,0.05037037037037037,0.1259259259259259,0.6518518518518519,0.0,0.18444444444444444,0.0,713.0,0.0,68.0,170.0,880.0,0.0,249.0,0.0,3522.222222222222,0.0,3259.259259259259,922.2222222222222,0.0,4755000.0,0.0,4400000.0,1245000.0,0.0,4980,2025-02-10,2025-02-10
X,전년(24N),DXSO7034N,Acc_etc,양말,DXSO7034NK0002,10000,2000,20000000,14814.814814814816,CQ250200753,KRW,에스에이치어패럴(주),2025-02-25,0.41259259259259257,0.0,0.06518518518518518,0.1259259259259259,0.6222222222222222,0.0,0.17629629629629628,0.0022222222222222222,557.0,0.0,88.0,170.0,840.0,0.0,238.0,3.0,1207.4074074074074,0.0,1244.4444444444443,352.5925925925926,4.444444444444445,1630000.0,0.0,1680000.0,476000.0,6000.0,2000,2025-02-27,2025-02-27
X,전년(24N),DXSO7044N,Acc_etc,양말,DXSO7044NK0001,12000,10000,120000000,88888.88888888889,CQ231201860,KRW,㈜범창모산,2024-01-03,0.5666666666666667,0.0,0.15259259259259259,0.0,0.6851851851851852,0.0,0.21037037037037037,0.014814814814814815,765.0,0.0,206.0,0.0,925.0,0.0,284.0,20.0,7192.592592592592,0.0,6851.851851851852,2103.703703703704,148.14814814814815,9710000.0,0.0,9250000.0,2840000.0,200000.0,-1,2025-02-13,2025-05-02
X,전년(24N),DXSO7044N,Acc_etc,양말,DXSO7044NK0002,12000,3600,43200000,32000.0,CQ250100269,KRW,㈜범창모산,2025-01-07,0.5696296296296296,0.0,0.15259259259259259,0.0,0.6592592592592592,0.0,0.2074074074074074,0.037037037037037035,769.0,0.0,206.0,0.0,890.0,0.0,280.0,50.0,2600.0,0.0,2373.3333333333335,746.6666666666666,133.33333333333334,3510000.0,0.0,3204000.0,1008000.0,180000.0,3600,2025-02-13,2025-02-13
X,전년(24N),DXSO7084N,Acc_etc,양말,DXSO7084NC0001,12000,450,5400000,4000.0,CQ250100363,KRW,에스에이치어패럴(주),2025-01-09,0.6725925925925926,0.0,0.05037037037037037,0.0,0.45925925925925926,0.0,0.17703703703703705,0.48444444444444446,908.0,0.0,68.0,0.0,620.0,0.0,239.0,654.0,325.3333333333333,0.0,206.66666666666666,79.66666666666667,218.0,439200.0,0.0,279000.0,107550.0,294300.0,450,2025-01-13,2025-01-13
X,전년(24N),DXSO7084N,Acc_etc,양말,DXSO7084NK0002,12000,3800,45600000,33777.77777777778,CQ250100362,KRW,에스에이치어패럴(주),2025-01-09,0.6725925925925926,0.0,0.05037037037037037,0.0,0.45925925925925926,0.0,0.17703703703703705,0.0,908.0,0.0,68.0,0.0,620.0,0.0,239.0,0.0,2747.259259259259,0.0,1745.1851851851852,672.7407407407408,0.0,3708800.0,0.0,2356000.0,908200.0,0.0,3660,2025-02-10,2025-02-10
X,전년(24N),DXSO7134N,Acc_etc,양말,DXSO7134NK0002,12000,1800,21600000,16000.0,CQ250100366,KRW,에스에이치어패럴(주),2025-01-09,0.8429629629629629,0.0,0.17851851851851852,0.0,0.3925925925925926,0.0,0.14148148148148149,0.0,1138.0,0.0,241.0,0.0,530.0,0.0,191.0,0.0,1838.6666666666667,0.0,706.6666666666666,254.66666666666666,0.0,2482200.0,0.0,954000.0,343800.0,0.0,1800,2025-01-23,2025-02-10
X,전년(24N),DXTG3554N,Bag,토드백,DXTG3554NK0001,89000,2900,258100000,191185.1851851852,CQ240600117,KRW,(주)인투잇,2024-06-04,1.7170370370370371,0.37037037037037035,4.41925925925926,0.29777777777777775,4.411851851851852,0.0,1.6377777777777778,0.44962962962962966,2318.0,500.0,5966.0,402.0,5956.0,0.0,2211.0,607.0,18658.814814814814,1074.0740740740741,12794.37037037037,4749.555555555556,1303.9259259259259,25189400.0,1450000.0,17272400.0,6411900.0,1760300.0,0,2025-01-06,2025-01-09
X,전년(23N),DKSH4103N,Shoes,신발,DKSH4103NK0012,89000,1000,89000000,65925.92592592593,CQ241201176,KRW,오주무역(주),2024-12-27,5.2807407407407405,0.35555555555555557,2.165185185185185,0.14666666666666667,4.72,0.0,0.37555555555555553,0.2896296296296296,7129.0,480.0,2923.0,198.0,6372.0,0.0,507.0,391.0,7592.592592592592,355.55555555555554,4720.0,375.55555555555554,289.6296296296296,10250000.0,480000.0,6372000.0,507000.0,391000.0,1000,2024-12-30,2024-12-30
X,전년(23N),DKSH4103N,Shoes,신발,DKSH4103NK0013,89000,1180,105020000,77792.5925925926,CQ241201177,KRW,오주무역(주),2024-12-27,5.2807407407407405,0.35555555555555557,2.165185185185185,0.14666666666666667,4.72,0.0,0.37555555555555553,0.2896296296296296,7129.0,480.0,2923.0,198.0,6372.0,0.0,507.0,391.0,8959.25925925926,419.55555555555554,5569.6,443.15555555555557,341.76296296296294,12095000.0,566400.0,7518960.0,598260.0,461380.0,1180,2024-12-30,2024-12-30
X,전년(23N),DKSH4103N,Shoes,신발,DKSH4103NK0014,89000,2530,225170000,166792.59259259258,CQ250200703,KRW,오주무역(주),2025-02-20,5.2807407407407405,0.35555555555555557,2.165185185185185,0.14666666666666667,4.72,0.0,0.37555555555555553,0.2896296296296296,7129.0,480.0,2923.0,198.0,6372.0,0.0,507.0,391.0,19209.25925925926,899.5555555555555,11941.6,950.1555555555556,732.762962962963,25932500.0,1214400.0,16121160.0,1282710.0,989230.0,2530,2025-02-21,2025-03-05
X,전년(23N),DXBN4573N,Headwear,비니,DXBN4573NK0001,49000,800,39200000,29037.037037037036,CQ230501310,KRW,정화무역,2023-05-31,1.3777777777777778,0.0,2.259259259259259,0.0,1.8518518518518519,0.0,0.8237037037037037,0.13333333333333333,1860.0,0.0,3050.0,0.0,2500.0,0.0,1112.0,180.0,2909.6296296296296,0.0,1481.4814814814815,658.9629629629629,106.66666666666667,3928000.0,0.0,2000000.0,889600.0,144000.0,-2,2025-02-04,2025-02-04
X,전년(23N),DXSH4513N,Shoes,신발,DXSH4513NK0001,229000,12000,2748000000,2035555.5555555555,CQ230400011,KRW,삼덕통상(주),2023-04-04,19.71185185185185,1.4355555555555555,3.474074074074074,0.0,8.0,0.0,1.2725925925925925,1.6577777777777778,26611.0,1938.0,4690.0,0.0,10800.0,0.0,1718.0,2238.0,278231.1111111111,17226.666666666668,96000.0,15271.111111111111,19893.333333333332,375612000.0,23256000.0,129600000.0,20616000.0,26856000.0,-101,2025-04-11,2025-05-29
X,전년(23N),DXSH5313N,Shoes,신발,DXSH5313NK0008,149000,2500,372500000,275925.9259259259,CQ240701094,KRW,㈜노바인터내쇼널,2024-07-26,11.205185185185185,1.842962962962963,2.2555555555555555,0.18074074074074073,4.051851851851852,0.0,2.128888888888889,1.2962962962962963,15127.0,2488.0,3045.0,244.0,5470.0,0.0,2874.0,1750.0,34103.7037037037,4607.407407407408,10129.62962962963,5322.222222222223,3240.740740740741,46040000.0,6220000.0,13675000.0,7185000.0,4375000.0,2475,2025-02-12,2025-02-12
X,전년(22N),DXLP3102N,Shoes,슬리퍼,DXLP3102NC0001,49000,760,37240000,27585.185185185186,CQ250400986,KRW,삼덕통상(주),2025-04-21,4.444444444444445,0.0,0.7185185185185186,0.0,0.0,0.0,0.7229629629629629,2.2674074074074073,6000.0,0.0,970.0,0.0,0.0,0.0,976.0,3061.0,3923.8518518518517,0.0,0.0,549.4518518518519,1723.2296296296297,5297200.0,0.0,0.0,741760.0,2326360.0,760,2025-04-30,2025-04-30
X,전년(22N),DXLP3102N,Shoes,슬리퍼,DXLP3102NK0022,49000,9200,450800000,333925.9259259259,CQ250401348,KRW,삼덕통상(주),2025-04-30,4.444444444444445,0.0,0.8740740740740741,0.0,0.1925925925925926,0.0,0.38,1.1466666666666667,6000.0,0.0,1180.0,0.0,260.0,0.0,513.0,1548.0,48930.37037037037,0.0,1771.851851851852,3496.0,10549.333333333334,66056000.0,0.0,2392000.0,4719600.0,14241600.0,9257,2025-05-02,2025-05-02
X,전년(22N),DXSH7112N,Shoes,신발,DXSH7112NK0019,49000,2650,129850000,96185.18518518518,CQ250401047,KRW,삼덕통상(주),2025-04-24,4.444444444444445,0.0,0.8740740740740741,0.0,0.1925925925925926,0.0,0.302962962962963,1.2207407407407407,6000.0,0.0,1180.0,0.0,260.0,0.0,409.0,1648.0,14094.074074074075,0.0,510.3703703703704,802.8518518518518,3234.962962962963,19027000.0,0.0,689000.0,1083850.0,4367200.0,2672,2025-05-02,2025-05-02
X,전년(21N),DXLP2101N,Shoes,슬리퍼,DXLP2101NC0001,59000,1215,71685000,53100.0,CQ250400985,KRW,티엠에스코리아 주식회사,2025-04-21,4.6651851851851855,0.22962962962962963,0.4525925925925926,0.3037037037037037,2.5703703703703704,0.0,1.1874074074074075,1.6733333333333333,6298.0,310.0,611.0,410.0,3470.0,0.0,1603.0,2259.0,6587.1,279.0,3123.0,1442.7,2033.1,8892585.0,376650.0,4216050.0,1947645.0,2744685.0,1215,2025-05-07,2025-05-07
X,전년(21N),DXLP2101N,Shoes,슬리퍼,DXLP2101NK0018,59000,4050,238950000,177000.0,CQ250100683,KRW,티엠에스코리아 주식회사,2025-01-16,4.6651851851851855,0.22962962962962963,0.4525925925925926,0.3037037037037037,2.5703703703703704,0.0,1.1874074074074075,0.6659259259259259,6298.0,310.0,611.0,410.0,3470.0,0.0,1603.0,899.0,21957.0,930.0,10410.0,4809.0,2697.0,29641950.0,1255500.0,14053500.0,6492150.0,3640950.0,4050,2025-01-21,2025-01-21
X,전년(21N),DXLP2101N,Shoes,슬리퍼,DXLP2101NK0019,59000,7750,457250000,338703.7037037037,CQ250100684,KRW,티엠에스코리아 주식회사,2025-01-16,4.6651851851851855,0.22962962962962963,0.4525925925925926,0.3037037037037037,2.5703703703703704,0.0,1.1874074074074075,0.6659259259259259,6298.0,310.0,611.0,410.0,3470.0,0.0,1603.0,899.0,42016.48148148148,1779.6296296296296,19920.37037037037,9202.407407407407,5160.925925925926,56722250.0,2402500.0,26892500.0,12423250.0,6967250.0,6633,2025-03-13,2025-03-21
X,전년(21N),DXLP2101N,Shoes,슬리퍼,DXLP2101NK0020,59000,6200,365800000,270962.962962963,CQ250100685,KRW,티엠에스코리아 주식회사,2025-01-16,4.6651851851851855,0.22962962962962963,0.4525925925925926,0.3037037037037037,2.5703703703703704,0.0,1.1874074074074075,0.6659259259259259,6298.0,310.0,611.0,410.0,3470.0,0.0,1603.0,899.0,33613.18518518518,1423.7037037037037,15936.296296296296,7361.925925925926,4128.740740740741,45377800.0,1922000.0,21514000.0,9938600.0,5573800.0,6200,2025-04-15,2025-04-25
X,전년(21N),DXLP2101N,Shoes,슬리퍼,DXLP2101NK0021,59000,6800,401200000,297185.18518518517,CQ250501555,KRW,티엠에스코리아 주식회사,2025-05-23,4.6651851851851855,0.22962962962962963,0.4525925925925926,0.3037037037037037,2.5703703703703704,0.0,1.1874074074074075,0.6659259259259259,6298.0,310.0,611.0,410.0,3470.0,0.0,1603.0,899.0,36866.07407407407,1561.4814814814815,17478.51851851852,8074.37037037037,4528.2962962962965,49769200.0,2108000.0,23596000.0,10900400.0,6113200.0,6800,2025-05-29,2025-05-29
X,전년(21N),DXSH2111N,Shoes,신발,DXSH2111NK0068,109000,5550,604950000,448111.1111111111,CQ241201199,KRW,주식회사 에스아이무역,2024-12-27,2.2844444444444445,0.8059259259259259,7.944444444444445,0.15259259259259259,3.485925925925926,0.0,0.725925925925926,0.7266666666666667,3084.0,1088.0,10725.0,206.0,4706.0,0.0,980.0,981.0,57617.22222222222,4472.888888888889,19346.88888888889,4028.8888888888887,4033.0,77783250.0,6038400.0,26118300.0,5439000.0,5444550.0,5510,2024-12-31,2025-01-24
X,전년(21N),DXSH2111N,Shoes,신발,DXSH2111NK0069,109000,3700,403300000,298740.74074074073,CQ241201200,KRW,주식회사 에스아이무역,2024-12-27,2.2844444444444445,0.8059259259259259,7.944444444444445,0.15259259259259259,3.485925925925926,0.0,0.725925925925926,0.7266666666666667,3084.0,1088.0,10725.0,206.0,4706.0,0.0,980.0,981.0,38411.48148148148,2981.925925925926,12897.925925925925,2685.925925925926,2688.6666666666665,51855500.0,4025600.0,17412200.0,3626000.0,3629700.0,3713,2025-01-14,2025-02-25
X,전년(21N),DXSH2111N,Shoes,신발,DXSH2111NK0070,109000,1000,109000000,80740.74074074074,CQ241201201,KRW,주식회사 에스아이무역,2024-12-27,2.2844444444444445,0.8059259259259259,7.944444444444445,0.15259259259259259,3.485925925925926,0.0,0.725925925925926,0.7266666666666667,3084.0,1088.0,10725.0,206.0,4706.0,0.0,980.0,981.0,10381.481481481482,805.925925925926,3485.925925925926,725.925925925926,726.6666666666666,14015000.0,1088000.0,4706000.0,980000.0,981000.0,1000,2025-03-25,2025-03-25
X,전년(21N),DXSH2111N,Shoes,신발,DXSH2111NK0071,109000,11350,1237150000,916407.4074074074,CQ241201202,KRW,주식회사 에스아이무역,2024-12-27,2.2844444444444445,0.8059259259259259,7.944444444444445,0.15259259259259259,3.485925925925926,0.0,0.725925925925926,0.7266666666666667,3084.0,1088.0,10725.0,206.0,4706.0,0.0,980.0,981.0,117829.81481481482,9147.25925925926,39565.25925925926,8239.25925925926,8247.666666666666,159070250.0,12348800.0,53413100.0,11123000.0,11134350.0,11350,2025-03-21,2025-03-31
X,전년(21N),DXSH2111N,Shoes,신발,DXSH2111NK0072,109000,7500,817500000,605555.5555555555,CQ241201203,KRW,주식회사 에스아이무역,2024-12-27,2.2844444444444445,0.8059259259259259,7.944444444444445,0.15259259259259259,3.485925925925926,0.0,0.725925925925926,0.7266666666666667,3084.0,1088.0,10725.0,206.0,4706.0,0.0,980.0,981.0,77861.11111111111,6044.444444444444,26144.444444444445,5444.444444444444,5450.0,105112500.0,8160000.0,35295000.0,7350000.0,7357500.0,7500,2025-04-14,2025-04-14
X,전년(21N),DXSH2111N,Shoes,신발,DXSH2111NK0073,109000,10450,1139050000,843740.7407407408,CQ250401191,KRW,주식회사 에스아이무역,2025-04-25,2.2844444444444445,0.8059259259259259,7.944444444444445,0.15259259259259259,3.485925925925926,0.0,0.725925925925926,0.7266666666666667,3084.0,1088.0,10725.0,206.0,4706.0,0.0,980.0,981.0,108486.48148148147,8421.925925925925,36427.92592592593,7585.925925925926,7593.666666666667,146456750.0,11369600.0,49177700.0,10241000.0,10251450.0,10450,2025-04-28,2025-04-28
X,전년(21N),DXSH2111N,Shoes,신발,DXSH2111NK0074,109000,4800,523200000,387555.55555555556,CQ250401192,KRW,주식회사 에스아이무역,2025-04-25,2.2844444444444445,0.8059259259259259,7.944444444444445,0.15259259259259259,3.485925925925926,0.0,0.725925925925926,0.7266666666666667,3084.0,1088.0,10725.0,206.0,4706.0,0.0,980.0,981.0,49831.11111111111,3868.4444444444443,16732.444444444445,3484.4444444444443,3488.0,67272000.0,5222400.0,22588800.0,4704000.0,4708800.0,4800,2025-05-08,2025-05-08
X,전년(21N),DXSH3111N,Shoes,신발,DXSH3111NK0061,109000,4850,528650000,391592.5925925926,CQ241101595,KRW,㈜천일 상사,2024-11-26,1.674074074074074,0.3111111111111111,8.525925925925925,0.0,3.903703703703704,0.0,1.585925925925926,0.0,2260.0,420.0,11510.0,0.0,5270.0,0.0,2141.0,0.0,49470.0,1508.888888888889,18932.962962962964,7691.740740740741,0.0,66784500.0,2037000.0,25559500.0,10383850.0,0.0,4912,2024-12-02,2024-12-02
X,전년(21N),DXSH3111N,Shoes,신발,DXSH3111NK0062,109000,4400,479600000,355259.25925925927,CQ250100700,KRW,㈜천일 상사,2025-01-17,1.674074074074074,0.3111111111111111,8.525925925925925,0.0,3.903703703703704,0.0,1.585925925925926,0.0,2260.0,420.0,11510.0,0.0,5270.0,0.0,2141.0,0.0,44880.0,1368.888888888889,17176.296296296296,6978.074074074074,0.0,60588000.0,1848000.0,23188000.0,9420400.0,0.0,4468,2025-01-20,2025-01-20
X,전년(21N),DXSH3111N,Shoes,신발,DXSH3111NK0063,109000,1800,196200000,145333.33333333334,CQ250200339,KRW,㈜천일 상사,2025-02-05,1.674074074074074,0.3111111111111111,8.525925925925925,0.0,3.903703703703704,0.0,1.585925925925926,0.0,2260.0,420.0,11510.0,0.0,5270.0,0.0,2141.0,0.0,18360.0,560.0,7026.666666666667,2854.6666666666665,0.0,24786000.0,756000.0,9486000.0,3853800.0,0.0,1800,2025-03-07,2025-03-07
X,전년(21N),DXSH3111N,Shoes,신발,DXSH3111NK0064,109000,2500,272500000,201851.85185185185,CQ250200338,KRW,㈜천일 상사,2025-02-05,1.674074074074074,0.3111111111111111,8.525925925925925,0.0,3.903703703703704,0.0,1.585925925925926,0.0,2260.0,420.0,11510.0,0.0,5270.0,0.0,2141.0,0.0,25500.0,777.7777777777778,9759.25925925926,3964.814814814815,0.0,34425000.0,1050000.0,13175000.0,5352500.0,0.0,2500,2025-02-06,2025-02-06
X,전년(21N),DXSH3111N,Shoes,신발,DXSH3111NK0065,109000,6950,757550000,561148.1481481482,CQ250300253,KRW,㈜천일 상사,2025-03-13,1.674074074074074,0.3111111111111111,8.525925925925925,0.0,3.903703703703704,0.0,1.585925925925926,0.0,2260.0,420.0,11510.0,0.0,5270.0,0.0,2141.0,0.0,70890.0,2162.222222222222,27130.74074074074,11022.185185185184,0.0,95701500.0,2919000.0,36626500.0,14879950.0,0.0,7054,2025-03-14,2025-03-17
X,전년(21N),DXSH3111N,Shoes,신발,DXSH3111NK0066,109000,4480,488320000,361718.51851851854,CQ250300535,KRW,㈜천일 상사,2025-03-31,1.674074074074074,0.3111111111111111,8.525925925925925,0.0,3.903703703703704,0.0,1.585925925925926,0.0,2260.0,420.0,11510.0,0.0,5270.0,0.0,2141.0,0.0,45696.0,1393.7777777777778,17488.59259259259,7104.948148148148,0.0,61689600.0,1881600.0,23609600.0,9591680.0,0.0,4547,2025-04-02,2025-04-02
X,전년(21N),DXSH3111N,Shoes,신발,DXSH3111NK0067,109000,10000,1090000000,807407.4074074074,CQ250400385,KRW,㈜천일 상사,2025-04-09,1.674074074074074,0.3111111111111111,8.525925925925925,0.0,3.903703703703704,0.0,1.585925925925926,0.0,2260.0,420.0,11510.0,0.0,5270.0,0.0,2141.0,0.0,102000.0,3111.1111111111113,39037.03703703704,15859.25925925926,0.0,137700000.0,4200000.0,52700000.0,21410000.0,0.0,10148,2025-04-10,2025-04-21
X,전년(21N),DXSH4111N,Shoes,신발,DXSH4111NK0053,109000,2000,218000000,161481.4814814815,CQ241000573,KRW,삼덕통상(주),2024-10-14,8.220740740740741,1.6007407407407408,2.551851851851852,0.0,2.4444444444444446,0.0,0.2962962962962963,0.8096296296296296,11098.0,2161.0,3445.0,0.0,3300.0,0.0,400.0,1093.0,21545.185185185186,3201.4814814814813,4888.888888888889,592.5925925925926,1619.2592592592594,29086000.0,4322000.0,6600000.0,800000.0,2186000.0,2000,2024-12-18,2024-12-18
X,전년(21N),DXSH4111N,Shoes,신발,DXSH4111NK0055,109000,3870,421830000,312466.6666666667,CQ241200582,KRW,삼덕통상(주),2024-12-12,8.220740740740741,1.6007407407407408,2.551851851851852,0.0,2.4444444444444446,0.0,0.2962962962962963,0.8096296296296296,11098.0,2161.0,3445.0,0.0,3300.0,0.0,400.0,1093.0,41689.933333333334,6194.866666666667,9460.0,1146.6666666666667,3133.266666666667,56281410.0,8363070.0,12771000.0,1548000.0,4229910.0,3896,2024-12-17,2024-12-17
X,전년(21N),DXSH4111N,Shoes,신발,DXSH4111NK0056,109000,4500,490500000,363333.3333333333,CQ250300279,KRW,삼덕통상(주),2025-03-14,8.220740740740741,1.6007407407407408,2.551851851851852,0.0,2.4444444444444446,0.0,0.2962962962962963,0.8096296296296296,11098.0,2161.0,3445.0,0.0,3300.0,0.0,400.0,1093.0,48476.666666666664,7203.333333333333,11000.0,1333.3333333333333,3643.3333333333335,65443500.0,9724500.0,14850000.0,1800000.0,4918500.0,4502,2025-03-17,2025-03-17
X,전년(21N),DXSH4111N,Shoes,신발,DXSH4111NK0057,109000,2200,239800000,177629.62962962964,CQ250300332,KRW,삼덕통상(주),2025-03-19,8.220740740740741,1.6007407407407408,2.551851851851852,0.0,2.4444444444444446,0.0,0.2962962962962963,0.8096296296296296,11098.0,2161.0,3445.0,0.0,3300.0,0.0,400.0,1093.0,23699.703703703704,3521.6296296296296,5377.777777777777,651.8518518518518,1781.1851851851852,31994600.0,4754200.0,7260000.0,880000.0,2404600.0,2200,2025-03-20,2025-03-20
X,전년(21N),DXSH4111N,Shoes,신발,DXSH4111NK0058,109000,4450,485050000,359296.2962962963,CQ250400004,KRW,삼덕통상(주),2025-04-01,8.220740740740741,1.6007407407407408,2.551851851851852,0.0,2.4444444444444446,0.0,0.2962962962962963,0.8096296296296296,11098.0,2161.0,3445.0,0.0,3300.0,0.0,400.0,1093.0,47938.03703703704,7123.2962962962965,10877.777777777777,1318.5185185185185,3602.8518518518517,64716350.0,9616450.0,14685000.0,1780000.0,4863850.0,4494,2025-04-02,2025-04-09
X,전년(21N),DXSH4111N,Shoes,신발,DXSH4111NK0059,109000,8000,872000000,645925.925925926,CQ250400150,KRW,삼덕통상(주),2025-04-08,8.220740740740741,1.6007407407407408,2.551851851851852,0.0,2.4444444444444446,0.0,0.2962962962962963,0.8096296296296296,11098.0,2161.0,3445.0,0.0,3300.0,0.0,400.0,1093.0,86180.74074074074,12805.925925925925,19555.555555555555,2370.3703703703704,6477.037037037037,116344000.0,17288000.0,26400000.0,3200000.0,8744000.0,8055,2025-04-09,2025-04-25
X,당년(25N),DXSH6235N,Shoes,신발,DXSH6235NK0001,139000,7600,1056400000,782518.5185185185,CQ250900239,KRW,오주무역(주),2025-09-02,9.155072463768116,0.3934782608695652,4.584057971014492,0.14347826086956522,5.434782608695652,0.0,1.6630434782608696,1.1615942028985506,12634.0,543.0,6326.0,198.0,7500.0,0.0,2295.0,1603.0,105507.82608695653,2990.4347826086955,41304.34782608696,12639.130434782608,8828.115942028986,145600800.0,4126800.0,57000000.0,17442000.0,12182800.0,411,2025-12-01,2025-12-01
