브랜드,시즌,스타일,중분류,아이템명,PO,TAG,수량,TAG_총금액,TAG_USD금액(전년환율),원가견적번호,발주통화,제조업체,견적서제출일자,(USD)_원자재,(USD)_아트웍,(USD)_부자재,(USD)_택/라벨,(USD) 공임,(USD)본사공급자재,(USD)_정상마진,(USD)_경비,(KRW)_원자재,(KRW)_아트웍,(KRW)_부자재,(KRW)_택/라벨,(KRW)_공임,(KRW)본사공급자재,(KRW)_정상마진,(KRW)_경비,USD_재료계(원/부/택/본공)_총금액(단가×수량),USD_아트웍_총금액(단가×수량),USD_공임_총금액(단가×수량),USD_정상마진_총금액(단가×수량),USD_경비_총금액(단가×수량),KRW_재료계(원/부/택/본공)_총금액(단가×수량),KRW_아트웍_총금액(단가×수량),KRW_공임_총금액(단가×수량),KRW_정상마진_총금액(단가×수량),KRW_경비_총금액(단가×수량)
X,26S,DKAZ11061,Wear_etc,상하의 세트,DKAZ11061K0001,159000,3200,508800000,376888.8888888889,CQ251201646,KRW,티피나디아(주),2025-12-24,11.205797101449276,1.2442028985507247,2.4181159420289857,0.5521739130434783,8.450724637681159,0.0,2.798550724637681,4.975362318840579,15464.0,1717.0,3337.0,762.0,11662.0,0.0,3862.0,6866.0,45363.47826086956,3981.449275362319,27042.31884057971,8955.36231884058,15921.159420289854,62601600.0,5494400.0,37318400.0,12358400.0,21971200.0
X,26S,DKAZ12061,Wear_etc,상하의 세트,DKAZ12061K0001,159000,1800,286200000,212000.0,CQ260100016,KRW,티피나디아(주),2026-01-02,8.902898550724638,0.6652173913043479,4.304347826086956,0.5528985507246377,8.450724637681159,0.0,2.678985507246377,5.051449275362319,12286.0,918.0,5940.0,763.0,11662.0,0.0,3697.0,6971.0,24768.260869565216,1197.3913043478262,15211.304347826086,4822.173913043478,9092.608695652174,34180200.0,1652400.0,20991600.0,6654600.0,12547800.0
X,26S,DKAZ19063,Wear_etc,상하의 세트,DKAZ19063K0001,99000,1700,168300000,124666.66666666667,CQ260100278,KRW,티피나디아(주),2026-01-09,4.5318840579710145,2.2246376811594204,1.6471014492753624,0.372463768115942,6.91159420289855,0.0,1.8376811594202898,0.7739130434782608,6254.0,3070.0,2273.0,514.0,9538.0,0.0,2536.0,1068.0,11137.463768115942,3781.8840579710145,11749.710144927536,3124.0579710144925,1315.6521739130435,15369700.0,5219000.0,16214600.0,4311200.0,1815600.0
X,26S,DKAZ21063,Wear_etc,상하의 세트,DKAZ21063K0001,109000,1500,163500000,121111.11111111111,CQ260100406,KRW,티피나디아(주),2026-01-13,4.88768115942029,0.9014492753623189,1.3811594202898552,0.3804347826086957,6.91159420289855,0.0,1.6898550724637682,0.2847826086956522,6745.0,1244.0,1906.0,525.0,9538.0,0.0,2332.0,393.0,9973.913043478262,1352.1739130434783,10367.391304347826,2534.7826086956525,427.1739130434783,13764000.0,1866000.0,14307000.0,3498000.0,589500.0
X,26S,DKHD11061,Inner,후드티,DKHD11061K0001,69000,700,48300000,35777.77777777778,CQ260100298,KRW,(주)금담,2026-01-12,5.028260869565218,1.3768115942028984,0.586231884057971,0.2572463768115942,3.168840579710145,0.0,1.2195652173913043,2.621739130434783,6939.0,1900.0,809.0,355.0,4373.0,0.0,1683.0,3618.0,4110.217391304348,963.7681159420289,2218.1884057971015,853.695652173913,1835.217391304348,5672100.0,1330000.0,3061100.0,1178100.0,2532600.0
X,26S,DKMT11061,Inner,맨투맨,DKMT11061K0001,59000,1300,76700000,56814.81481481482,CQ260100300,KRW,(주)금담,2026-01-12,4.044927536231884,1.536231884057971,0.5289855072463768,0.2572463768115942,2.1130434782608694,0.0,0.9869565217391304,2.4043478260869566,5582.0,2120.0,730.0,355.0,2916.0,0.0,1362.0,3318.0,6280.507246376811,1997.1014492753623,2746.95652173913,1283.0434782608695,3125.6521739130435,8667100.0,2756000.0,3790800.0,1770600.0,4313400.0
X,26S,DKMT12061,Inner,맨투맨,DKMT12061K0001,59000,1800,106200000,78666.66666666667,CQ260100301,KRW,(주)금담,2026-01-12,4.058695652173913,1.536231884057971,0.5289855072463768,0.2572463768115942,2.1115942028985506,0.0,0.9884057971014493,2.4043478260869566,5601.0,2120.0,730.0,355.0,2914.0,0.0,1364.0,3318.0,8720.869565217392,2765.2173913043475,3800.869565217391,1779.1304347826087,4327.826086956522,12034800.0,3816000.0,5245200.0,2455200.0,5972400.0
X,26S,DKPD11061,Outer,패딩,DKPD11061K0001,179000,1000,179000000,132592.59259259258,CQ251201680,KRW,꼼드감므(주),2025-12-29,10.131884057971014,0.0,11.382608695652173,0.26014492753623186,10.350724637681159,0.0,3.8239130434782607,3.332608695652174,13982.0,0.0,15708.0,359.0,14284.0,0.0,5277.0,4599.0,21774.63768115942,0.0,10350.724637681158,3823.9130434782605,3332.608695652174,30049000.0,0.0,14284000.0,5277000.0,4599000.0
X,26S,DKPD12061,Outer,패딩,DKPD12061K0001,159000,1100,174900000,129555.55555555556,CQ251201148,KRW,(주) 엠에스디엔엠,2025-12-16,7.196376811594203,0.2956521739130435,6.354347826086957,0.23478260869565218,10.352173913043478,0.0,2.9036231884057973,0.5630434782608695,9931.0,408.0,8769.0,324.0,14286.0,0.0,4007.0,777.0,15164.057971014494,325.2173913043478,11387.391304347826,3193.985507246377,619.3478260869565,20926400.0,448800.0,15714600.0,4407700.0,854700.0
X,26S,DKPD14061,Outer,패딩,DKPD14061K0001,169000,2100,354900000,262888.8888888889,CQ251201681,KRW,꼼드감므(주),2025-12-29,6.147826086956521,0.0,7.984057971014493,0.26014492753623186,11.302898550724638,0.0,3.0521739130434784,2.896376811594203,8484.0,0.0,11018.0,359.0,15598.0,0.0,4212.0,3997.0,30223.260869565216,0.0,23736.08695652174,6409.565217391305,6082.391304347826,41708100.0,0.0,32755800.0,8845200.0,8393700.0
X,26S,DKPD15061,Outer,패딩,DKPD15061K0001,159000,1000,159000000,117777.77777777778,CQ251201188,KRW,(주) 엠에스디엔엠,2025-12-17,9.013043478260869,0.7391304347826086,6.0318840579710145,0.23478260869565218,10.352173913043478,0.0,3.136231884057971,0.6224637681159421,12438.0,1020.0,8324.0,324.0,14286.0,0.0,4328.0,859.0,15279.710144927534,739.1304347826086,10352.173913043478,3136.231884057971,622.4637681159421,21086000.0,1020000.0,14286000.0,4328000.0,859000.0
X,26S,DKPT11061,Bottom,팬츠,DKPT11061K0001,89000,1900,169100000,125259.25925925926,CQ260100439,KRW,(주) 와이에스코리아,2026-01-14,5.586956521739131,0.0,2.368840579710145,0.27753623188405796,6.167391304347826,0.0,1.694927536231884,1.317391304347826,7710.0,0.0,3269.0,383.0,8511.0,0.0,2339.0,1818.0,15643.333333333334,0.0,11718.04347826087,3220.36231884058,2503.0434782608695,21587800.0,0.0,16170900.0,4444100.0,3454200.0
X,26S,DKPT14061,Bottom,팬츠,DKPT14061K0001,69000,1300,89700000,66444.44444444444,CQ260100280,KRW,대원에프앤드씨 (주),2026-01-09,4.458695652173913,0.5942028985507246,1.1398550724637682,0.2572463768115942,3.8282608695652174,0.0,1.2021739130434783,0.24710144927536232,6153.0,820.0,1573.0,355.0,5283.0,0.0,1659.0,341.0,7612.536231884058,772.463768115942,4976.739130434783,1562.8260869565217,321.231884057971,10505300.0,1066000.0,6867900.0,2156700.0,443300.0
X,26S,DKPT15063,Bottom,팬츠,DKPT15063K0001,69000,800,55200000,40888.88888888889,CQ260100099,KRW,(주)금담,2026-01-06,3.2268115942028985,0.0,1.281159420289855,0.2572463768115942,4.647826086956521,0.0,1.098550724637681,0.6159420289855072,4453.0,0.0,1768.0,355.0,6414.0,0.0,1516.0,850.0,3812.1739130434785,0.0,3718.260869565217,878.8405797101449,492.75362318840575,5260800.0,0.0,5131200.0,1212800.0,680000.0
X,26S,DKRS64063,Inner,반팔티셔츠,DKRS64063K0001,59000,2000,118000000,87407.4074074074,CQ260100279,KRW,대원에프앤드씨 (주),2026-01-09,2.7355072463768115,0.927536231884058,0.8326086956521739,0.2572463768115942,2.1268115942028984,0.0,0.7949275362318841,0.4,3775.0,1280.0,1149.0,355.0,2935.0,0.0,1097.0,552.0,7650.724637681159,1855.072463768116,4253.623188405797,1589.855072463768,800.0,10558000.0,2560000.0,5870000.0,2194000.0,1104000.0
X,26S,DKTP11061,Bottom,트레이닝(하의),DKTP11061K0001,79000,1200,94800000,70222.22222222222,CQ260100233,KRW,(주) 엠에스디엔엠,2026-01-08,4.431159420289855,0.0,1.6217391304347826,0.20869565217391303,6.855072463768116,0.0,1.5492753623188407,0.2608695652173913,6115.0,0.0,2238.0,288.0,9460.0,0.0,2138.0,360.0,7513.913043478262,0.0,8226.08695652174,1859.1304347826087,313.04347826086956,10369200.0,0.0,11352000.0,2565600.0,432000.0
X,26S,DKTP13061,Bottom,트레이닝(하의),DKTP13061K0001,69000,1400,96600000,71555.55555555556,CQ260100238,KRW,(주) 엠에스디엔엠,2026-01-08,2.6710144927536232,0.0,2.136231884057971,0.20869565217391303,6.833333333333333,0.0,1.3971014492753624,0.2108695652173913,3686.0,0.0,2948.0,288.0,9430.0,0.0,1928.0,291.0,7022.31884057971,0.0,9566.666666666666,1955.9420289855072,295.2173913043478,9690800.0,0.0,13202000.0,2699200.0,407400.0
X,26S,DKTP24061,Bottom,트레이닝(하의),DKTP24061K0001,79000,800,63200000,46814.81481481482,CQ260100285,KRW,대원에프앤드씨 (주),2026-01-09,5.026811594202899,0.0,1.7956521739130435,0.2572463768115942,4.253623188405797,0.0,1.3289855072463768,0.29637681159420287,6937.0,0.0,2478.0,355.0,5870.0,0.0,1834.0,409.0,5663.768115942029,0.0,3402.8985507246375,1063.1884057971015,237.10144927536228,7816000.0,0.0,4696000.0,1467200.0,327200.0
X,26S,DKTP30061,Bottom,트레이닝(하의),DKTP30061K0001,69000,1200,82800000,61333.333333333336,CQ260100286,KRW,대원에프앤드씨 (주),2026-01-09,5.245652173913044,0.8840579710144928,1.4195652173913043,0.2572463768115942,5.316666666666666,0.0,1.5442028985507246,0.2898550724637681,7239.0,1220.0,1959.0,355.0,7337.0,0.0,2131.0,400.0,8306.95652173913,1060.8695652173913,6380.0,1853.0434782608695,347.82608695652175,11463600.0,1464000.0,8804400.0,2557200.0,480000.0
X,26S,DKTP34061,Bottom,트레이닝(하의),DKTP34061K0001,69000,700,48300000,35777.77777777778,CQ260100284,KRW,대원에프앤드씨 (주),2026-01-09,5.522463768115942,0.43478260869565216,1.1601449275362319,0.2572463768115942,3.615217391304348,0.0,1.28768115942029,0.29057971014492756,7621.0,600.0,1601.0,355.0,4989.0,0.0,1777.0,401.0,4857.898550724637,304.3478260869565,2530.6521739130435,901.376811594203,203.40579710144928,6703900.0,420000.0,3492300.0,1243900.0,280700.0
X,26S,DKTR11061,Inner,트레이닝(상의),DKTR11061K0001,139000,1200,166800000,123555.55555555556,CQ260100242,KRW,(주) 엠에스디엔엠,2026-01-08,7.478260869565218,0.36231884057971014,3.6420289855072463,0.20869565217391303,10.028985507246377,0.0,2.581159420289855,0.46304347826086956,10320.0,500.0,5026.0,288.0,13840.0,0.0,3562.0,639.0,13594.782608695654,434.7826086956522,12034.782608695652,3097.391304347826,555.6521739130435,18760800.0,600000.0,16608000.0,4274400.0,766800.0
X,26S,DKTR24061,Inner,트레이닝(상의),DKTR24061K0001,79000,800,63200000,46814.81481481482,CQ260100287,KRW,대원에프앤드씨 (주),2026-01-09,4.369565217391305,0.0,1.6717391304347826,0.2572463768115942,2.3391304347826085,0.0,1.0057971014492753,0.26521739130434785,6030.0,0.0,2307.0,355.0,3228.0,0.0,1388.0,366.0,5038.840579710145,0.0,1871.3043478260868,804.6376811594203,212.17391304347828,6953600.0,0.0,2582400.0,1110400.0,292800.0
X,26S,DKTR27061,Inner,트레이닝(상의),DKTR27061K0001,99000,600,59400000,44000.0,CQ260100281,KRW,대원에프앤드씨 (주),2026-01-09,6.36231884057971,0.9565217391304348,1.736231884057971,0.2572463768115942,5.316666666666666,0.0,1.7246376811594204,0.3471014492753623,8780.0,1320.0,2396.0,355.0,7337.0,0.0,2380.0,479.0,5013.478260869564,573.9130434782609,3190.0,1034.7826086956522,208.26086956521738,6918600.0,792000.0,4402200.0,1428000.0,287400.0
X,26S,DKTR30061,Inner,트레이닝(상의),DKTR30061K0001,65000,600,39000000,28888.88888888889,CQ260100282,KRW,대원에프앤드씨 (주),2026-01-09,4.631159420289855,1.3043478260869565,1.2260869565217392,0.2572463768115942,2.9782608695652173,0.0,1.2166666666666666,0.2579710144927536,6391.0,1800.0,1692.0,355.0,4110.0,0.0,1679.0,356.0,3668.695652173913,782.6086956521739,1786.9565217391303,729.9999999999999,154.78260869565216,5062800.0,1080000.0,2466000.0,1007400.0,213600.0
X,26S,DKTR34061,Inner,트레이닝(상의),DKTR34061K0001,99000,700,69300000,51333.333333333336,CQ260100283,KRW,대원에프앤드씨 (주),2026-01-09,7.68768115942029,0.43478260869565216,1.8884057971014492,0.23115942028985506,4.891304347826087,0.0,1.7884057971014493,0.4036231884057971,10609.0,600.0,2606.0,319.0,6750.0,0.0,2468.0,557.0,6865.072463768117,304.3478260869565,3423.913043478261,1251.8840579710145,282.53623188405794,9473800.0,420000.0,4725000.0,1727600.0,389900.0
X,25S,DKAZ71053,Wear_etc,상하의 세트,DKAZ71053K0001,89000,2400,213600000,158222.22222222222,CQ250200518,KRW,대원에프앤드씨 (주),2025-02-11,4.769629629629629,1.162962962962963,1.5444444444444445,0.3111111111111111,5.6466666666666665,0.0,1.574814814814815,0.28074074074074074,6439.0,1570.0,2085.0,420.0,7623.0,0.0,2126.0,379.0,15900.444444444443,2791.1111111111113,13552.0,3779.5555555555557,673.7777777777777,21465600.0,3768000.0,18295200.0,5102400.0,909600.0
X,25S,DKAZ72053,Wear_etc,상하의 세트,DKAZ72053K0001,89000,2600,231400000,171407.40740740742,CQ250300251,KRW,주식회사 에이치에스소싱,2025-03-13,4.823703703703703,1.6962962962962962,1.517037037037037,0.25333333333333335,4.528888888888889,0.0,1.5081481481481482,0.2762962962962963,6512.0,2290.0,2048.0,342.0,6114.0,0.0,2036.0,373.0,17144.592592592595,4410.37037037037,11775.111111111111,3921.185185185185,718.3703703703704,23145200.0,5954000.0,15896400.0,5293600.0,969800.0
X,25S,DKAZ73053,Wear_etc,상하의 세트,DKAZ73053K0001,89000,5600,498400000,369185.18518518517,CQ250300248,KRW,주식회사 에이치에스소싱,2025-03-12,4.591111111111111,0.07407407407407407,2.671851851851852,0.25333333333333335,5.5,0.0,1.5407407407407407,0.31333333333333335,6198.0,100.0,3607.0,342.0,7425.0,0.0,2080.0,423.0,42091.259259259255,414.8148148148148,30800.0,8628.148148148148,1754.6666666666667,56823200.0,560000.0,41580000.0,11648000.0,2368800.0
X,25S,DKOP71053,Inner,원피스,DKOP71053K0001,99000,1050,103950000,77000.0,CQ241200917,KRW,어패럴테크,2024-12-20,4.247407407407407,0.0,2.2125925925925927,0.36,8.257037037037037,0.0,1.765925925925926,0.2903703703703704,5734.0,0.0,2987.0,486.0,11147.0,0.0,2384.0,392.0,7161.0,0.0,8669.888888888889,1854.2222222222222,304.8888888888889,9667350.0,0.0,11704350.0,2503200.0,411600.0
X,25S,DKOP72053,Inner,원피스,DKOP72053K0001,119000,1050,124950000,92555.55555555556,CQ250200073,KRW,주식회사 아라움,2025-02-04,5.366666666666666,0.14814814814814814,2.322962962962963,0.2,10.32148148148148,0.0,2.1792592592592595,0.32592592592592595,7245.0,200.0,3136.0,270.0,13934.0,0.0,2942.0,440.0,8284.111111111111,155.55555555555554,10837.555555555555,2288.2222222222226,342.22222222222223,11183550.0,210000.0,14630700.0,3089100.0,462000.0
X,25S,DKPD11051,Outer,패딩,DKPD11051K0001,149000,1100,163900000,121407.4074074074,CQ241200833,KRW,티피나디아(주),2024-12-17,6.205925925925926,0.0,7.192592592592592,0.26666666666666666,9.265925925925925,0.0,2.72,0.56,8378.0,0.0,9710.0,360.0,12509.0,0.0,3672.0,756.0,15031.703703703703,0.0,10192.518518518518,2992.0,616.0000000000001,20292800.0,0.0,13759900.0,4039200.0,831600.0
X,25S,DKPD31051,Outer,패딩,DKPD31051K0001,159000,900,143100000,106000.0,CQ241200816,KRW,티피나디아(주),2024-12-17,9.408148148148149,0.0,6.687407407407408,0.26666666666666666,9.265925925925925,0.0,3.0437037037037036,0.6681481481481482,12701.0,0.0,9028.0,360.0,12509.0,0.0,4109.0,902.0,14726.0,0.0,8339.333333333332,2739.333333333333,601.3333333333334,19880100.0,0.0,11258100.0,3698100.0,811800.0
X,25S,DKPD32051,Outer,패딩,DKPD32051K0001,149000,1300,193700000,143481.4814814815,CQ241200508,KRW,꼼드감므(주),2024-12-11,9.01037037037037,0.0,6.114814814814815,0.16814814814814816,9.073333333333334,0.0,2.903703703703704,0.62,12164.0,0.0,8255.0,227.0,12249.0,0.0,3920.0,837.0,19881.333333333332,0.0,11795.333333333334,3774.8148148148152,806.0,26839800.0,0.0,15923700.0,5096000.0,1088100.0
X,25S,DKPT31051,Bottom,팬츠,DKPT31051K0001,69000,1300,89700000,66444.44444444444,CQ250100150,KRW,(주) 와이에스코리아,2025-01-06,4.343703703703704,0.2237037037037037,1.8288888888888888,0.24,4.644444444444445,0.0,1.3251851851851852,0.26814814814814814,5864.0,302.0,2469.0,324.0,6270.0,0.0,1789.0,362.0,8336.37037037037,290.81481481481484,6037.777777777778,1722.7407407407409,348.59259259259255,11254100.0,392600.0,8151000.0,2325700.0,470600.0
X,25S,DKPT51053,Bottom,팬츠,DKPT51053K0001,69000,1200,82800000,61333.333333333336,CQ250300252,KRW,주식회사 에이치에스소싱,2025-03-13,3.294814814814815,0.07407407407407407,1.5933333333333333,0.1748148148148148,2.6955555555555555,0.0,0.9192592592592592,0.2111111111111111,4448.0,100.0,2151.0,236.0,3639.0,0.0,1241.0,285.0,6075.555555555555,88.88888888888889,3234.6666666666665,1103.111111111111,253.33333333333334,8202000.0,120000.0,4366800.0,1489200.0,342000.0
X,25S,DKPT54053,Bottom,팬츠,DKPT54053K0001,89000,2500,222500000,164814.8148148148,CQ250200631,KRW,(주) 와이에스코리아,2025-02-17,5.477037037037037,0.33925925925925926,1.502962962962963,0.24,5.931111111111111,0.0,1.5903703703703704,0.30074074074074075,7394.0,458.0,2029.0,324.0,8007.0,0.0,2147.0,406.0,18050.0,848.1481481481482,14827.777777777777,3975.925925925926,751.8518518518518,24367500.0,1145000.0,20017500.0,5367500.0,1015000.0
X,25S,DKRL11051,Inner,긴팔티셔츠,DKRL11051K0001,39000,1600,62400000,46222.22222222222,CQ250100617,KRW,주식회사 에이치에스소싱,2025-01-14,2.962222222222222,0.0,1.097037037037037,0.2859259259259259,1.1355555555555557,0.0,0.6237037037037036,0.18814814814814815,3999.0,0.0,1481.0,386.0,1533.0,0.0,842.0,254.0,6952.2962962962965,0.0,1816.8888888888891,997.9259259259259,301.037037037037,9385600.0,0.0,2452800.0,1347200.0,406400.0
X,25S,DKRL12051,Inner,긴팔티셔츠,DKRL12051K0001,39000,1200,46800000,34666.666666666664,CQ250100615,KRW,주식회사 에이치에스소싱,2025-01-14,2.6348148148148147,0.0,1.0933333333333333,0.2859259259259259,1.0318518518518518,0.0,0.5711111111111111,0.1748148148148148,3557.0,0.0,1476.0,386.0,1393.0,0.0,771.0,236.0,4816.888888888889,0.0,1238.2222222222222,685.3333333333334,209.77777777777777,6502800.0,0.0,1671600.0,925200.0,283200.0
X,25S,DKRS51053,Inner,반팔티셔츠,DKRS51053K0001,39000,2600,101400000,75111.11111111111,CQ250200404,KRW,주식회사 에이치에스소싱,2025-02-07,2.5303703703703704,0.23851851851851852,0.8362962962962963,0.26296296296296295,0.9703703703703703,0.0,0.5488888888888889,0.15851851851851853,3416.0,322.0,1129.0,355.0,1310.0,0.0,741.0,214.0,9437.037037037036,620.1481481481482,2522.962962962963,1427.111111111111,412.14814814814815,12740000.0,837200.0,3406000.0,1926600.0,556400.0
X,25S,DKRS52053,Inner,반팔티셔츠,DKRS52053K0001,39000,2200,85800000,63555.555555555555,CQ250100470,KRW,주식회사 에이치에스소싱,2025-01-13,1.5622222222222222,0.0,1.105925925925926,0.2859259259259259,0.9288888888888889,0.0,0.4318518518518519,0.1325925925925926,2109.0,0.0,1493.0,386.0,1254.0,0.0,583.0,179.0,6498.962962962963,0.0,2043.5555555555554,950.0740740740741,291.7037037037037,8773600.0,0.0,2758800.0,1282600.0,393800.0
X,25S,DKRS53053,Inner,반팔티셔츠,DKRS53053K0001,39000,1900,74100000,54888.88888888889,CQ250100468,KRW,주식회사 에이치에스소싱,2025-01-13,1.751111111111111,2.2488888888888887,0.5681481481481482,0.2859259259259259,1.1355555555555557,0.0,0.6844444444444444,0.11851851851851852,2364.0,3036.0,767.0,386.0,1533.0,0.0,924.0,160.0,4949.851851851851,4272.888888888889,2157.5555555555557,1300.4444444444443,225.1851851851852,6682300.0,5768400.0,2912700.0,1755600.0,304000.0
X,25S,DKRS54053,Inner,반팔티셔츠,DKRS54053K0001,49000,2000,98000000,72592.5925925926,CQ250100601,KRW,주식회사 에이치에스소싱,2025-01-14,3.3807407407407406,0.0,1.137037037037037,0.26296296296296295,1.1355555555555557,0.0,0.6785185185185185,0.20444444444444446,4564.0,0.0,1535.0,355.0,1533.0,0.0,916.0,276.0,9561.48148148148,0.0,2271.1111111111113,1357.037037037037,408.8888888888889,12908000.0,0.0,3066000.0,1832000.0,552000.0
X,25S,DKRS55053,Inner,반팔티셔츠,DKRS55053K0001,55000,1500,82500000,61111.11111111111,CQ250200652,KRW,주식회사 에이치에스소싱,2025-02-18,2.425925925925926,2.6059259259259258,0.534074074074074,0.28074074074074074,0.9703703703703703,0.0,0.7844444444444445,0.1437037037037037,3275.0,3518.0,721.0,379.0,1310.0,0.0,1059.0,194.0,4861.111111111111,3908.8888888888887,1455.5555555555554,1176.6666666666667,215.55555555555554,6562500.0,5277000.0,1965000.0,1588500.0,291000.0
X,25S,DKRS55053,Inner,반팔티셔츠,DKRS55053K0002,55000,600,33000000,24444.444444444445,CQ250502265,KRW,주식회사 에이치에스소싱,2025-05-28,2.425925925925926,2.6059259259259258,0.5377777777777778,0.26296296296296295,0.9629629629629629,0.0,0.7837037037037037,0.6237037037037036,3275.0,3518.0,726.0,355.0,1300.0,0.0,1058.0,842.0,1936.0000000000002,1563.5555555555554,577.7777777777777,470.22222222222223,374.2222222222222,2613600.0,2110800.0,780000.0,634800.0,505200.0
X,25S,DKRS55053,Inner,반팔티셔츠,DKRS55053K0003,55000,300,16500000,12222.222222222223,CQ250502271,KRW,주식회사 에이치에스소싱,2025-05-28,2.425925925925926,2.6059259259259258,0.5377777777777778,0.26296296296296295,0.9629629629629629,0.0,0.7837037037037037,1.4733333333333334,3275.0,3518.0,726.0,355.0,1300.0,0.0,1058.0,1989.0,968.0000000000001,781.7777777777777,288.88888888888886,235.11111111111111,442.0,1306800.0,1055400.0,390000.0,317400.0,596700.0
X,25S,DKRS56053,Inner,반팔티셔츠,DKRS56053K0001,49000,1700,83300000,61703.7037037037,CQ250100456,KRW,주식회사 에이치에스소싱,2025-01-13,2.4607407407407407,1.8614814814814815,0.8348148148148148,0.26296296296296295,0.9288888888888889,0.0,0.7303703703703703,0.15555555555555556,3322.0,2513.0,1127.0,355.0,1254.0,0.0,986.0,210.0,6049.481481481482,3164.5185185185187,1579.111111111111,1241.6296296296296,264.44444444444446,8166800.0,4272100.0,2131800.0,1676200.0,357000.0
X,25S,DKRS56053,Inner,반팔티셔츠,DKRS56053K0002,49000,600,29400000,21777.777777777777,CQ250502266,KRW,주식회사 에이치에스소싱,2025-05-28,2.4607407407407407,1.8614814814814815,0.8014814814814815,0.26296296296296295,0.9629629629629629,0.0,0.7303703703703703,0.6355555555555555,3322.0,2513.0,1082.0,355.0,1300.0,0.0,986.0,858.0,2115.111111111111,1116.888888888889,577.7777777777777,438.22222222222223,381.3333333333333,2855400.0,1507800.0,780000.0,591600.0,514800.0
X,25S,DKRS56053,Inner,반팔티셔츠,DKRS56053K0003,49000,1400,68600000,50814.81481481482,CQ250502272,KRW,주식회사 에이치에스소싱,2025-05-28,2.4607407407407407,1.8614814814814815,0.8014814814814815,0.26296296296296295,0.9629629629629629,0.0,0.7303703703703703,1.4851851851851852,3322.0,2513.0,1082.0,355.0,1300.0,0.0,986.0,2005.0,4935.259259259259,2606.074074074074,1348.148148148148,1022.5185185185185,2079.259259259259,6662600.0,3518200.0,1820000.0,1380400.0,2807000.0
X,25S,DKRS57053,Inner,반팔티셔츠,DKRS57053K0001,55000,1700,93500000,69259.25925925926,CQ250200653,KRW,주식회사 에이치에스소싱,2025-02-18,2.408888888888889,2.6059259259259258,0.534074074074074,0.28074074074074074,0.9703703703703703,0.0,0.7822222222222223,0.14296296296296296,3252.0,3518.0,721.0,379.0,1310.0,0.0,1056.0,193.0,5480.296296296296,4430.074074074074,1649.6296296296296,1329.7777777777778,243.03703703703704,7398400.0,5980600.0,2227000.0,1795200.0,328100.0
X,25S,DKRS57053,Inner,반팔티셔츠,DKRS57053K0002,55000,700,38500000,28518.51851851852,CQ250502267,KRW,주식회사 에이치에스소싱,2025-05-28,2.3562962962962963,2.6059259259259258,0.534074074074074,0.26296296296296295,0.9629629629629629,0.0,0.7748148148148148,0.6207407407407407,3181.0,3518.0,721.0,355.0,1300.0,0.0,1046.0,838.0,2207.333333333333,1824.148148148148,674.074074074074,542.3703703703704,434.5185185185185,2979900.0,2462600.0,910000.0,732200.0,586600.0
X,25S,DKRS57053,Inner,반팔티셔츠,DKRS57053K0003,55000,1200,66000000,48888.88888888889,CQ250502274,KRW,주식회사 에이치에스소싱,2025-05-28,2.35037037037037,2.6059259259259258,0.534074074074074,0.26296296296296295,0.9629629629629629,0.0,0.774074074074074,1.4703703703703703,3173.0,3518.0,721.0,355.0,1300.0,0.0,1045.0,1985.0,3776.8888888888887,3127.111111111111,1155.5555555555554,928.8888888888888,1764.4444444444443,5098800.0,4221600.0,1560000.0,1254000.0,2382000.0
X,25S,DKRS59053,Inner,반팔티셔츠,DKRS59053K0001,55000,1700,93500000,69259.25925925926,CQ250200654,KRW,주식회사 에이치에스소싱,2025-02-18,2.4607407407407407,2.977777777777778,0.534074074074074,0.28074074074074074,0.9703703703703703,0.0,0.8333333333333334,0.1451851851851852,3322.0,4020.0,721.0,379.0,1310.0,0.0,1125.0,196.0,5568.444444444444,5062.222222222223,1649.6296296296296,1416.6666666666667,246.81481481481484,7517400.0,6834000.0,2227000.0,1912500.0,333200.0
X,25S,DKRS59053,Inner,반팔티셔츠,DKRS59053K0002,55000,600,33000000,24444.444444444445,CQ250502268,KRW,주식회사 에이치에스소싱,2025-05-28,2.4607407407407407,2.977777777777778,0.5377777777777778,0.26296296296296295,0.9629629629629629,0.0,0.8325925925925926,0.6251851851851852,3322.0,4020.0,726.0,355.0,1300.0,0.0,1124.0,844.0,1956.888888888889,1786.6666666666667,577.7777777777777,499.55555555555554,375.1111111111111,2641800.0,2412000.0,780000.0,674400.0,506400.0
X,25S,DKRS61053,Inner,반팔티셔츠,DKRS61053K0001,39000,4500,175500000,130000.0,CQ250100474,KRW,주식회사 에이치에스소싱,2025-01-13,1.9088888888888889,0.0,2.6148148148148147,0.2859259259259259,0.9288888888888889,0.0,0.654074074074074,0.20666666666666667,2577.0,0.0,3530.0,386.0,1254.0,0.0,883.0,279.0,21643.333333333332,0.0,4180.0,2943.333333333333,930.0,29218500.0,0.0,5643000.0,3973500.0,1255500.0
X,25S,DKRS61053,Inner,반팔티셔츠,DKRS61053K0002,39000,800,31200000,23111.11111111111,CQ250502269,KRW,주식회사 에이치에스소싱,2025-05-28,2.005925925925926,0.0,2.594074074074074,0.2859259259259259,0.9629629629629629,0.0,0.6674074074074074,0.6911111111111111,2708.0,0.0,3502.0,386.0,1300.0,0.0,901.0,933.0,3908.740740740741,0.0,770.3703703703703,533.925925925926,552.8888888888889,5276800.0,0.0,1040000.0,720800.0,746400.0
X,25S,DKRS62053,Inner,반팔티셔츠,DKRS62053K0001,39000,4800,187200000,138666.66666666666,CQ250100471,KRW,주식회사 에이치에스소싱,2025-01-13,1.9718518518518517,0.0,1.1696296296296296,0.2859259259259259,0.9288888888888889,0.0,0.48814814814814816,0.1511111111111111,2662.0,0.0,1579.0,386.0,1254.0,0.0,659.0,204.0,16451.555555555555,0.0,4458.666666666667,2343.1111111111113,725.3333333333334,22209600.0,0.0,6019200.0,3163200.0,979200.0
X,25S,DKRS62053,Inner,반팔티셔츠,DKRS62053K0002,39000,700,27300000,20222.222222222223,CQ250502270,KRW,주식회사 에이치에스소싱,2025-05-28,2.071111111111111,0.0,1.1503703703703703,0.2859259259259259,0.9629629629629629,0.0,0.5022222222222222,0.6355555555555555,2796.0,0.0,1553.0,386.0,1300.0,0.0,678.0,858.0,2455.185185185185,0.0,674.074074074074,351.55555555555554,444.88888888888886,3314500.0,0.0,910000.0,474600.0,600600.0
X,25S,DKRS6A053,Inner,반팔티셔츠,DKRS6A053K0001,39000,1200,46800000,34666.666666666664,CQ250502273,KRW,주식회사 에이치에스소싱,2025-05-28,2.071111111111111,0.0,1.1503703703703703,0.2859259259259259,0.9629629629629629,0.0,0.5022222222222222,1.4851851851851852,2796.0,0.0,1553.0,386.0,1300.0,0.0,678.0,2005.0,4208.888888888889,0.0,1155.5555555555554,602.6666666666666,1782.2222222222222,5682000.0,0.0,1560000.0,813600.0,2406000.0
X,25S,DKRS71053,Inner,반팔티셔츠,DKRS71053K0001,49000,2000,98000000,72592.5925925926,CQ250200475,KRW,주식회사 에이치에스소싱,2025-02-11,2.2088888888888887,1.8022222222222222,0.5148148148148148,0.2859259259259259,0.9703703703703703,0.0,0.6592592592592592,0.1348148148148148,2982.0,2433.0,695.0,386.0,1310.0,0.0,890.0,182.0,6019.259259259259,3604.4444444444443,1940.7407407407406,1318.5185185185185,269.6296296296296,8126000.0,4866000.0,2620000.0,1780000.0,364000.0
X,25S,DKRS72053,Inner,반팔티셔츠,DKRS72053K0001,55000,3600,198000000,146666.66666666666,CQ250200558,KRW,주식회사 에이치에스소싱,2025-02-13,2.3066666666666666,1.6207407407407408,0.5481481481481482,0.2688888888888889,1.9081481481481481,0.0,0.7659259259259259,0.1385185185185185,3114.0,2188.0,740.0,363.0,2576.0,0.0,1034.0,187.0,11245.333333333334,5834.666666666667,6869.333333333333,2757.333333333333,498.66666666666663,15181200.0,7876800.0,9273600.0,3722400.0,673200.0
X,25S,DKRS73053,Inner,반팔티셔츠,DKRS73053K0001,49000,2000,98000000,72592.5925925926,CQ250200477,KRW,주식회사 에이치에스소싱,2025-02-11,2.2422222222222223,1.8022222222222222,0.5148148148148148,0.2859259259259259,0.9703703703703703,0.0,0.6637037037037037,0.13555555555555557,3027.0,2433.0,695.0,386.0,1310.0,0.0,896.0,183.0,6085.925925925926,3604.4444444444443,1940.7407407407406,1327.4074074074074,271.11111111111114,8216000.0,4866000.0,2620000.0,1792000.0,366000.0
X,25S,DKRS74053,Inner,반팔티셔츠,DKRS74053K0001,49000,2100,102900000,76222.22222222222,CQ250200544,KRW,주식회사 에이치에스소싱,2025-02-13,2.2088888888888887,1.3555555555555556,0.5148148148148148,0.2859259259259259,1.0785185185185184,0.0,0.6192592592592593,0.1348148148148148,2982.0,1830.0,695.0,386.0,1456.0,0.0,836.0,182.0,6320.222222222222,2846.666666666667,2264.8888888888887,1300.4444444444446,283.1111111111111,8532300.0,3843000.0,3057600.0,1755600.0,382200.0
X,25S,DKRS75053,Inner,반팔티셔츠,DKRS75053K0001,55000,2800,154000000,114074.07407407407,CQ250200557,KRW,주식회사 에이치에스소싱,2025-02-13,2.379259259259259,1.4007407407407408,0.5503703703703704,0.2688888888888889,1.9296296296296296,0.0,0.7511111111111111,0.14148148148148149,3212.0,1891.0,743.0,363.0,2605.0,0.0,1014.0,191.0,8955.851851851852,3922.0740740740744,5402.962962962963,2103.111111111111,396.14814814814815,12090400.0,5294800.0,7294000.0,2839200.0,534800.0
X,25S,DKRS76053,Inner,반팔티셔츠,DKRS76053K0001,55000,2800,154000000,114074.07407407407,CQ250200556,KRW,주식회사 에이치에스소싱,2025-02-13,2.4140740740740743,1.8622222222222222,0.5496296296296296,0.2688888888888889,1.9296296296296296,0.0,0.8103703703703704,0.14296296296296296,3259.0,2514.0,742.0,363.0,2605.0,0.0,1094.0,193.0,9051.25925925926,5214.222222222223,5402.962962962963,2269.037037037037,400.2962962962963,12219200.0,7039200.0,7294000.0,3063200.0,540400.0
X,25S,DKRS7A053,Inner,반팔티셔츠,DKRS7A053K0001,49000,1500,73500000,54444.444444444445,CQ250400026,KRW,주식회사 에이치에스소싱,2025-04-03,2.1385185185185187,1.3555555555555556,0.5348148148148149,0.2859259259259259,1.4022222222222223,0.0,0.6518518518518519,0.1325925925925926,2887.0,1830.0,722.0,386.0,1893.0,0.0,880.0,179.0,4438.88888888889,2033.3333333333335,2103.3333333333335,977.7777777777778,198.88888888888889,5992500.0,2745000.0,2839500.0,1320000.0,268500.0
X,25S,DKRS7B053,Inner,반팔티셔츠,DKRS7B053K0001,49000,1500,73500000,54444.444444444445,CQ250400027,KRW,주식회사 에이치에스소싱,2025-04-03,1.8925925925925926,0.9088888888888889,0.6362962962962962,0.2859259259259259,1.4022222222222223,0.0,0.5807407407407408,0.12666666666666668,2555.0,1227.0,859.0,386.0,1893.0,0.0,784.0,171.0,4222.222222222222,1363.3333333333333,2103.3333333333335,871.1111111111112,190.00000000000003,5700000.0,1840500.0,2839500.0,1176000.0,256500.0
X,25S,DKRS81053,Inner,반팔티셔츠,DKRS81053K0001,49000,1000,49000000,36296.2962962963,CQ250200478,KRW,주식회사 에이치에스소싱,2025-02-11,2.6948148148148148,0.0,1.24,0.2859259259259259,1.7251851851851852,0.0,0.6792592592592592,0.18296296296296297,3638.0,0.0,1674.0,386.0,2329.0,0.0,917.0,247.0,4220.740740740741,0.0,1725.1851851851852,679.2592592592592,182.96296296296296,5698000.0,0.0,2329000.0,917000.0,247000.0
X,25S,DKRS82053,Inner,반팔티셔츠,DKRS82053K0001,55000,1000,55000000,40740.74074074074,CQ250200552,KRW,주식회사 에이치에스소싱,2025-02-13,2.488148148148148,0.0,2.8325925925925928,0.2859259259259259,1.9407407407407407,0.0,0.8711111111111111,0.23851851851851852,3359.0,0.0,3824.0,386.0,2620.0,0.0,1176.0,322.0,5606.666666666667,0.0,1940.7407407407406,871.1111111111111,238.5185185185185,7569000.0,0.0,2620000.0,1176000.0,322000.0
X,25S,DKSB51053,Bottom,스윔웨어 하의,DKSB51053K0001,59000,500,29500000,21851.85185185185,CQ250300602,KRW,(주)금담,2025-03-31,2.3807407407407406,0.4740740740740741,1.171851851851852,0.21703703703703703,2.3555555555555556,0.0,0.7659259259259259,0.1622222222222222,3214.0,640.0,1582.0,293.0,3180.0,0.0,1034.0,219.0,1884.8148148148146,237.03703703703704,1177.7777777777778,382.96296296296293,81.1111111111111,2544500.0,320000.0,1590000.0,517000.0,109500.0
X,25S,DKSB52053,Bottom,스윔웨어 하의,DKSB52053K0001,49000,900,44100000,32666.666666666668,CQ250300588,KRW,(주)금담,2025-03-31,1.5733333333333333,0.4740740740740741,1.2614814814814814,0.21703703703703703,2.3518518518518516,0.0,0.6792592592592592,0.13333333333333333,2124.0,640.0,1703.0,293.0,3175.0,0.0,917.0,180.0,2746.6666666666665,426.6666666666667,2116.6666666666665,611.3333333333333,120.0,3708000.0,576000.0,2857500.0,825300.0,162000.0
X,25S,DKSB54053,Bottom,스윔웨어 하의,DKSB54053K0001,79000,900,71100000,52666.666666666664,CQ250300601,KRW,(주)금담,2025-03-31,5.032592592592593,0.2222222222222222,1.5918518518518519,0.21703703703703703,5.348148148148148,0.0,1.4637037037037037,0.28444444444444444,6794.0,300.0,2149.0,293.0,7220.0,0.0,1976.0,384.0,6157.333333333334,200.0,4813.333333333333,1317.3333333333333,256.0,8312400.0,270000.0,6498000.0,1778400.0,345600.0
X,25S,DKSB55053,Bottom,스윔웨어 하의,DKSB55053K0001,89000,1400,124600000,92296.29629629629,CQ250300593,KRW,(주)금담,2025-03-31,5.701481481481482,0.23703703703703705,2.257037037037037,0.21703703703703703,4.814814814814815,0.0,1.5614814814814815,0.3377777777777778,7697.0,320.0,3047.0,293.0,6500.0,0.0,2108.0,456.0,11445.777777777777,331.85185185185185,6740.740740740741,2186.074074074074,472.8888888888889,15451800.0,448000.0,9100000.0,2951200.0,638400.0
X,25S,DKSB57053,Bottom,스윔웨어 하의,DKSB57053K0001,79000,1200,94800000,70222.22222222222,CQ250300592,KRW,(주)금담,2025-03-31,4.442222222222222,0.4740740740740741,1.194074074074074,0.21703703703703703,4.814814814814815,0.0,1.3111111111111111,0.24518518518518517,5997.0,640.0,1612.0,293.0,6500.0,0.0,1770.0,331.0,7023.999999999999,568.8888888888889,5777.777777777778,1573.3333333333333,294.22222222222223,9482400.0,768000.0,7800000.0,2124000.0,397200.0
X,25S,DKSB58053,Bottom,스윔웨어 하의,DKSB58053K0001,69000,800,55200000,40888.88888888889,CQ250300589,KRW,(주)금담,2025-03-31,2.937777777777778,0.4740740740740741,1.171851851851852,0.21703703703703703,3.4266666666666667,0.0,0.9614814814814815,0.18444444444444444,3966.0,640.0,1582.0,293.0,4626.0,0.0,1298.0,249.0,3461.333333333333,379.2592592592593,2741.3333333333335,769.1851851851852,147.55555555555554,4672800.0,512000.0,3700800.0,1038400.0,199200.0
X,25S,DKSB59053,Bottom,스윔웨어 하의,DKSB59053K0001,69000,500,34500000,25555.555555555555,CQ250300594,KRW,(주)금담,2025-03-31,2.64962962962963,0.4740740740740741,1.8711111111111112,0.21703703703703703,4.814814814814815,0.0,1.177037037037037,0.20074074074074075,3577.0,640.0,2526.0,293.0,6500.0,0.0,1589.0,271.0,2368.888888888889,237.03703703703704,2407.4074074074074,588.5185185185186,100.37037037037037,3198000.0,320000.0,3250000.0,794500.0,135500.0
X,25S,DKSB59053,Bottom,스윔웨어 하의,DKSB59053K0002,69000,500,34500000,25555.555555555555,CQ250501509,KRW,(주)금담,2025-05-22,3.777037037037037,0.4740740740740741,1.8711111111111112,0.21703703703703703,4.807407407407408,0.0,1.3118518518518518,0.797037037037037,5099.0,640.0,2526.0,293.0,6490.0,0.0,1771.0,1076.0,2932.5925925925926,237.03703703703704,2403.703703703704,655.9259259259259,398.5185185185185,3959000.0,320000.0,3245000.0,885500.0,538000.0
X,25S,DKSK31051,Bottom,스커트,DKSK31051K0001,79000,1000,79000000,58518.51851851852,CQ250100151,KRW,(주) 와이에스코리아,2025-01-06,3.0103703703703704,0.37407407407407406,1.3748148148148147,0.24,4.128888888888889,0.0,1.0666666666666667,0.19703703703703704,4064.0,505.0,1856.0,324.0,5574.0,0.0,1440.0,266.0,4625.185185185185,374.0740740740741,4128.888888888889,1066.6666666666667,197.03703703703704,6244000.0,505000.0,5574000.0,1440000.0,266000.0
X,25S,DKSP51053,Bottom,반바지,DKSP51053K0001,55000,2900,159500000,118148.14814814815,CQ250200550,KRW,꼼드감므(주),2025-02-13,2.5051851851851854,0.0,1.3162962962962963,0.23925925925925925,3.7185185185185183,0.0,0.9044444444444445,0.17407407407407408,3382.0,0.0,1777.0,323.0,5020.0,0.0,1221.0,235.0,11776.148148148148,0.0,10783.703703703703,2622.888888888889,504.81481481481484,15897800.0,0.0,14558000.0,3540900.0,681500.0
X,25S,DKSP52053,Bottom,반바지,DKSP52053K0001,59000,800,47200000,34962.96296296296,CQ250300249,KRW,주식회사 에이치에스소싱,2025-03-12,2.600740740740741,0.07407407407407407,1.2525925925925927,0.1748148148148148,2.48,0.0,0.7688888888888888,0.17037037037037037,3511.0,100.0,1691.0,236.0,3348.0,0.0,1038.0,230.0,3222.5185185185187,59.25925925925925,1984.0,615.1111111111111,136.2962962962963,4350400.0,80000.0,2678400.0,830400.0,184000.0
X,25S,DKSP53053,Bottom,반바지,DKSP53053K0001,59000,1900,112100000,83037.03703703704,CQ250200630,KRW,(주) 와이에스코리아,2025-02-17,2.6577777777777776,0.33925925925925926,1.1866666666666668,0.24,4.3133333333333335,0.0,1.02,0.17555555555555555,3588.0,458.0,1602.0,324.0,5823.0,0.0,1377.0,237.0,7760.444444444444,644.5925925925926,8195.333333333334,1938.0,333.55555555555554,10476600.0,870200.0,11063700.0,2616300.0,450300.0
X,25S,DKSP71053,Bottom,반바지,DKSP71053K0001,59000,1100,64900000,48074.07407407407,CQ250200551,KRW,꼼드감므(주),2025-02-13,2.474814814814815,0.0,1.622962962962963,0.23925925925925925,3.7185185185185183,0.0,0.9377777777777778,0.18518518518518517,3341.0,0.0,2191.0,323.0,5020.0,0.0,1266.0,250.0,4770.740740740741,0.0,4090.37037037037,1031.5555555555557,203.7037037037037,6440500.0,0.0,5522000.0,1392600.0,275000.0
X,25S,DKSW51053,Inner,스윔웨어,DKSW51053K0001,59000,1200,70800000,52444.444444444445,CQ250300595,KRW,(주)금담,2025-03-31,2.5348148148148146,1.5851851851851853,0.7496296296296296,0.21703703703703703,2.1414814814814815,0.0,0.8414814814814815,0.1511111111111111,3422.0,2140.0,1012.0,293.0,2891.0,0.0,1136.0,204.0,4201.777777777777,1902.2222222222224,2569.777777777778,1009.7777777777778,181.33333333333334,5672400.0,2568000.0,3469200.0,1363200.0,244800.0
X,25S,DKSW52053,Inner,스윔웨어,DKSW52053K0001,59000,1300,76700000,56814.81481481482,CQ250300596,KRW,(주)금담,2025-03-31,2.965925925925926,1.1407407407407408,0.9911111111111112,0.21703703703703703,4.068888888888889,0.0,1.1,0.17777777777777778,4004.0,1540.0,1338.0,293.0,5493.0,0.0,1485.0,240.0,5426.2962962962965,1482.962962962963,5289.555555555556,1430.0000000000002,231.11111111111111,7325500.0,2002000.0,7140900.0,1930500.0,312000.0
X,25S,DKSW53053,Inner,스윔웨어,DKSW53053K0001,79000,500,39500000,29259.25925925926,CQ250300599,KRW,(주)금담,2025-03-31,4.611111111111111,0.7111111111111111,1.1881481481481482,0.21703703703703703,4.282962962962963,0.0,1.2955555555555556,0.2518518518518518,6225.0,960.0,1604.0,293.0,5782.0,0.0,1749.0,340.0,3008.1481481481483,355.55555555555554,2141.4814814814818,647.7777777777778,125.92592592592591,4061000.0,480000.0,2891000.0,874500.0,170000.0
X,25S,DKSW54053,Inner,스윔웨어,DKSW54053K0001,79000,1000,79000000,58518.51851851852,CQ250400978,KRW,(주) 온타이드,2025-04-21,2.933333333333333,2.3718518518518517,1.6703703703703703,0.21703703703703703,4.176296296296297,0.0,1.3385185185185184,0.2037037037037037,3960.0,3202.0,2255.0,293.0,5638.0,0.0,1807.0,275.0,4820.740740740741,2371.8518518518517,4176.2962962962965,1338.5185185185185,203.7037037037037,6508000.0,3202000.0,5638000.0,1807000.0,275000.0
X,25S,DKSW55053,Inner,스윔웨어,DKSW55053K0001,89000,1200,106800000,79111.11111111111,CQ250400979,KRW,(주) 온타이드,2025-04-21,6.264444444444444,2.3718518518518517,0.6437037037037037,0.24444444444444444,3.533333333333333,0.0,1.5377777777777777,0.2985185185185185,8457.0,3202.0,869.0,330.0,4770.0,0.0,2076.0,403.0,8583.111111111111,2846.222222222222,4240.0,1845.3333333333333,358.22222222222223,11587200.0,3842400.0,5724000.0,2491200.0,483600.0
X,25S,DKSW57053,Inner,스윔웨어,DKSW57053K0001,79000,1800,142200000,105333.33333333333,CQ250300590,KRW,(주)금담,2025-03-31,2.991111111111111,1.7925925925925925,1.6496296296296296,0.21703703703703703,4.9222222222222225,0.0,1.362962962962963,0.2051851851851852,4038.0,2420.0,2227.0,293.0,6645.0,0.0,1840.0,277.0,8743.999999999998,3226.6666666666665,8860.0,2453.3333333333335,369.33333333333337,11804400.0,4356000.0,11961000.0,3312000.0,498600.0
X,25S,DKSW58053,Inner,스윔웨어,DKSW58053K0001,79000,1256,99224000,73499.25925925926,CQ250300600,KRW,(주)금담,2025-03-31,4.022962962962963,0.7111111111111111,1.6496296296296296,0.21703703703703703,4.9222222222222225,0.0,1.357037037037037,0.24666666666666667,5431.0,960.0,2227.0,293.0,6645.0,0.0,1832.0,333.0,7397.374814814815,893.1555555555556,6182.311111111111,1704.4385185185185,309.81333333333333,9986456.0,1205760.0,8346120.0,2300992.0,418248.0
X,25S,DKSW59053,Inner,스윔웨어,DKSW59053K0001,45000,900,40500000,30000.0,CQ250300591,KRW,(주)금담,2025-03-31,1.522962962962963,0.4740740740740741,0.9133333333333333,0.21703703703703703,3.533333333333333,0.0,0.7733333333333333,0.11703703703703704,2056.0,640.0,1233.0,293.0,4770.0,0.0,1044.0,158.0,2388.0000000000005,426.6666666666667,3180.0,696.0,105.33333333333333,3223800.0,576000.0,4293000.0,939600.0,142200.0
X,25S,DKSW62053,Inner,스윔웨어,DKSW62053K0001,59000,1000,59000000,43703.7037037037,CQ250501510,KRW,(주)금담,2025-05-22,4.13037037037037,2.325925925925926,0.7681481481481481,0.21703703703703703,2.3533333333333335,0.0,1.1496296296296296,0.8992592592592593,5576.0,3140.0,1037.0,293.0,3177.0,0.0,1552.0,1214.0,5115.555555555556,2325.925925925926,2353.3333333333335,1149.6296296296296,899.2592592592594,6906000.0,3140000.0,3177000.0,1552000.0,1214000.0
X,25S,DKSW63053,Inner,스윔웨어,DKSW63053K0001,59000,1100,64900000,48074.07407407407,CQ250501511,KRW,(주)금담,2025-05-22,3.8607407407407406,2.0296296296296297,1.1555555555555554,0.21703703703703703,3.740740740740741,0.0,1.2940740740740742,0.9014814814814814,5212.0,2740.0,1560.0,293.0,5050.0,0.0,1747.0,1217.0,5756.666666666667,2232.5925925925926,4114.814814814815,1423.4814814814815,991.6296296296296,7771500.0,3014000.0,5555000.0,1921700.0,1338700.0
X,25S,DKSW71053,Inner,스윔웨어,DKSW71053K0001,139000,700,97300000,72074.07407407407,CQ250300597,KRW,(주)금담,2025-03-31,5.125925925925926,1.2148148148148148,7.914074074074074,0.21703703703703703,6.681481481481481,0.0,2.5125925925925925,0.5414814814814815,6920.0,1640.0,10684.0,293.0,9020.0,0.0,3392.0,731.0,9279.925925925925,850.3703703703703,4677.0370370370365,1758.8148148148148,379.037037037037,12527900.0,1148000.0,6314000.0,2374400.0,511700.0
X,25S,DKSW72053,Inner,스윔웨어,DKSW72053K0001,119000,800,95200000,70518.51851851853,CQ250300598,KRW,(주)금담,2025-03-31,3.0437037037037036,1.2148148148148148,7.938518518518518,0.21703703703703703,6.467407407407407,0.0,2.24,0.45925925925925926,4109.0,1640.0,10717.0,293.0,8731.0,0.0,3024.0,620.0,8959.407407407407,971.8518518518518,5173.925925925925,1792.0000000000002,367.4074074074074,12095200.0,1312000.0,6984800.0,2419200.0,496000.0
X,25S,DKTB72053,Bottom,트레이닝 숏팬츠,DKTB72053K0001,59000,4700,277300000,205407.40740740742,CQ241200916,KRW,어패럴테크,2024-12-20,2.399259259259259,0.07407407407407407,1.22,0.23407407407407407,3.6125925925925926,0.0,0.8770370370370371,0.4103703703703704,3239.0,100.0,1647.0,316.0,4877.0,0.0,1184.0,554.0,18110.666666666668,348.14814814814815,16979.185185185186,4122.074074074074,1928.7407407407409,24449400.0,470000.0,22921900.0,5564800.0,2603800.0
X,25S,DKTB73053,Bottom,트레이닝 숏팬츠,DKTB73053K0001,59000,5800,342200000,253481.4814814815,CQ250200497,KRW,티피나디아(주),2025-02-11,2.4585185185185185,0.07481481481481482,1.0207407407407407,0.28888888888888886,3.2074074074074073,0.0,0.8111111111111111,0.16518518518518518,3319.0,101.0,1378.0,390.0,4330.0,0.0,1095.0,223.0,21855.25925925926,433.925925925926,18602.962962962964,4704.444444444444,958.074074074074,29504600.0,585800.0,25114000.0,6351000.0,1293400.0
X,25S,DKTB74053,Bottom,트레이닝 숏팬츠,DKTB74053K0001,79000,1200,94800000,70222.22222222222,CQ250200064,KRW,티피나디아(주),2025-02-03,3.5866666666666664,0.3125925925925926,0.9881481481481481,0.28888888888888886,3.725925925925926,0.0,1.0333333333333334,0.20962962962962964,4842.0,422.0,1334.0,390.0,5030.0,0.0,1395.0,283.0,5836.444444444444,375.1111111111111,4471.111111111111,1240.0000000000002,251.55555555555557,7879200.0,506400.0,6036000.0,1674000.0,339600.0
X,25S,DKTB75053,Bottom,트레이닝 숏팬츠,DKTB75053K0001,69000,3800,262200000,194222.22222222222,CQ250200065,KRW,티피나디아(주),2025-02-03,2.6725925925925926,0.07481481481481482,2.257037037037037,0.28888888888888886,3.7237037037037037,0.0,1.0474074074074073,0.2237037037037037,3608.0,101.0,3047.0,390.0,5027.0,0.0,1414.0,302.0,19830.37037037037,284.2962962962963,14150.074074074075,3980.148148148148,850.0740740740741,26771000.0,383800.0,19102600.0,5373200.0,1147600.0
X,25S,DKTB76053,Bottom,트레이닝 숏팬츠,DKTB76053K0001,69000,3600,248400000,184000.0,CQ250200066,KRW,티피나디아(주),2025-02-03,3.2244444444444444,0.07481481481481482,1.3177777777777777,0.28888888888888886,3.725925925925926,0.0,1.0014814814814814,0.20814814814814814,4353.0,101.0,1779.0,390.0,5030.0,0.0,1352.0,281.0,17392.0,269.33333333333337,13413.333333333334,3605.333333333333,749.3333333333333,23479200.0,363600.0,18108000.0,4867200.0,1011600.0
X,25S,DKTB77053,Bottom,트레이닝 숏팬츠,DKTB77053K0001,69000,3500,241500000,178888.88888888888,CQ250200067,KRW,티피나디아(주),2025-02-03,3.7355555555555555,0.07481481481481482,1.2925925925925925,0.28888888888888886,4.757777777777778,0.0,1.182962962962963,0.22740740740740742,5043.0,101.0,1745.0,390.0,6423.0,0.0,1597.0,307.0,18609.629629629628,261.85185185185185,16652.222222222223,4140.37037037037,795.925925925926,25123000.0,353500.0,22480500.0,5589500.0,1074500.0
X,25S,DKTB92053,Bottom,트레이닝 숏팬츠,DKTB92053K0001,69000,1500,103500000,76666.66666666667,CQ250300282,KRW,(주) 와이에스코리아,2025-03-14,2.5644444444444443,0.33925925925925926,1.6948148148148148,0.28888888888888886,4.3133333333333335,0.0,1.0696296296296297,0.19703703703703704,3462.0,458.0,2288.0,390.0,5823.0,0.0,1444.0,266.0,6822.222222222222,508.8888888888889,6470.0,1604.4444444444446,295.55555555555554,9210000.0,687000.0,8734500.0,2166000.0,399000.0
X,25S,DKTB93053,Bottom,트레이닝 숏팬츠,DKTB93053K0001,69000,1000,69000000,51111.11111111111,CQ250300281,KRW,(주) 와이에스코리아,2025-03-14,3.9066666666666667,0.337037037037037,1.108148148148148,0.28888888888888886,4.128888888888889,0.0,1.1377777777777778,0.22666666666666666,5274.0,455.0,1496.0,390.0,5574.0,0.0,1536.0,306.0,5303.7037037037035,337.037037037037,4128.888888888889,1137.7777777777778,226.66666666666666,7160000.0,455000.0,5574000.0,1536000.0,306000.0
X,25S,DKTB9A053,Bottom,트레이닝 숏팬츠,DKTB9A053K0001,69000,1600,110400000,81777.77777777778,CQ250300247,KRW,주식회사 아라움,2025-03-12,3.262962962962963,0.07407407407407407,2.0748148148148147,0.1748148148148148,4.528888888888889,0.0,1.1925925925925926,0.22962962962962963,4405.0,100.0,2801.0,236.0,6114.0,0.0,1610.0,310.0,8820.14814814815,118.5185185185185,7246.222222222223,1908.1481481481483,367.4074074074074,11907200.0,160000.0,9782400.0,2576000.0,496000.0
X,25S,DKTP31051,Bottom,트레이닝(하의),DKTP31051K0001,69000,1900,131100000,97111.11111111111,CQ241201108,KRW,대원에프앤드씨 (주),2024-12-26,4.371851851851852,1.125925925925926,1.3651851851851853,0.24,3.354074074074074,0.0,1.2259259259259259,0.2511111111111111,5902.0,1520.0,1843.0,324.0,4528.0,0.0,1655.0,339.0,11356.37037037037,2139.2592592592596,6372.740740740741,2329.259259259259,477.11111111111114,15331100.0,2888000.0,8603200.0,3144500.0,644100.0
X,25S,DKTP34051,Bottom,트레이닝(하의),DKTP34051K0001,69000,2200,151800000,112444.44444444444,CQ241201109,KRW,대원에프앤드씨 (주),2024-12-26,3.9229629629629628,0.25925925925925924,1.288888888888889,0.24,3.354074074074074,0.0,1.0592592592592593,0.22962962962962963,5296.0,350.0,1740.0,324.0,4528.0,0.0,1430.0,310.0,11994.074074074073,570.3703703703703,7378.9629629629635,2330.3703703703704,505.18518518518516,16192000.0,770000.0,9961600.0,3146000.0,682000.0
X,25S,DKTP35051,Bottom,트레이닝(하의),DKTP35051K0001,79000,1800,142200000,105333.33333333333,CQ241201100,KRW,대원에프앤드씨 (주),2024-12-26,4.268888888888889,0.25925925925925924,1.6318518518518519,0.24,4.644444444444445,0.0,1.2962962962962963,0.2577777777777778,5763.0,350.0,2203.0,324.0,6270.0,0.0,1750.0,348.0,11053.333333333334,466.66666666666663,8360.0,2333.3333333333335,464.0,14922000.0,630000.0,11286000.0,3150000.0,626400.0
X,25S,DKTP37051,Bottom,트레이닝(하의),DKTP37051K0001,79000,1200,94800000,70222.22222222222,CQ241201107,KRW,대원에프앤드씨 (주),2024-12-26,4.688148148148148,0.5185185185185185,1.2666666666666666,0.24,3.354074074074074,0.0,1.1792592592592592,0.26,6329.0,700.0,1710.0,324.0,4528.0,0.0,1592.0,351.0,7433.777777777777,622.2222222222222,4024.888888888889,1415.111111111111,312.0,10035600.0,840000.0,5433600.0,1910400.0,421200.0
X,25S,DKTP3A051,Bottom,트레이닝(하의),DKTP3A051K0001,79000,2000,158000000,117037.03703703704,CQ241201251,KRW,노바비젼코리아(주),2024-12-30,3.680740740740741,0.26222222222222225,2.497777777777778,0.28888888888888886,4.644444444444445,0.0,1.3303703703703704,0.2733333333333333,4969.0,354.0,3372.0,390.0,6270.0,0.0,1796.0,369.0,12934.814814814814,524.4444444444445,9288.88888888889,2660.740740740741,546.6666666666666,17462000.0,708000.0,12540000.0,3592000.0,738000.0
X,25S,DKTP3B051,Bottom,트레이닝(하의),DKTP3B051K0001,89000,1700,151300000,112074.07407407407,CQ241201250,KRW,노바비젼코리아(주),2024-12-30,3.805925925925926,0.25925925925925924,2.1444444444444444,0.28888888888888886,5.677037037037037,0.0,1.4266666666666667,0.2644444444444444,5138.0,350.0,2895.0,390.0,7664.0,0.0,1926.0,357.0,10606.74074074074,440.7407407407407,9650.962962962964,2425.3333333333335,449.55555555555554,14319100.0,595000.0,13028800.0,3274200.0,606900.0
X,25S,DKTP3C051,Bottom,트레이닝(하의),DKTP3C051K0001,89000,1100,97900000,72518.51851851853,CQ241200779,KRW,(주) 엠에스디엔엠,2024-12-16,5.260740740740741,0.07407407407407407,2.5703703703703704,0.1748148148148148,5.677037037037037,0.0,1.6296296296296295,0.3288888888888889,7102.0,100.0,3470.0,236.0,7664.0,0.0,2200.0,444.0,8806.518518518518,81.48148148148148,6244.740740740741,1792.5925925925924,361.77777777777777,11888800.0,110000.0,8430400.0,2420000.0,488400.0
X,25S,DKTP3D051,Bottom,트레이닝(하의),DKTP3D051K0001,89000,1000,89000000,65925.92592592593,CQ241201218,KRW,호전실업(주),2024-12-27,4.084444444444444,0.0,2.794814814814815,0.28888888888888886,5.367407407407407,0.0,1.4696296296296296,0.30148148148148146,5514.0,0.0,3773.0,390.0,7246.0,0.0,1984.0,407.0,7168.148148148148,0.0,5367.407407407408,1469.6296296296296,301.48148148148147,9677000.0,0.0,7246000.0,1984000.0,407000.0
X,25S,DKTP3E051,Bottom,트레이닝(하의),DKTP3E051K0001,79000,1050,82950000,61444.444444444445,CQ241200728,KRW,(주) 엠에스디엔엠,2024-12-13,4.510370370370371,0.07407407407407407,1.711111111111111,0.1748148148148148,5.16074074074074,0.0,1.3748148148148147,0.2644444444444444,6089.0,100.0,2310.0,236.0,6967.0,0.0,1856.0,357.0,6716.111111111112,77.77777777777777,5418.777777777777,1443.5555555555554,277.66666666666663,9066750.0,105000.0,7315350.0,1948800.0,374850.0
X,25S,DKTP3F051,Bottom,트레이닝(하의),DKTP3F051K0001,79000,1100,86900000,64370.37037037037,CQ250100692,KRW,꼼드감므(주),2025-01-16,3.7037037037037037,0.0,2.231851851851852,0.21333333333333335,4.644444444444445,0.0,1.2696296296296297,0.2562962962962963,5000.0,0.0,3013.0,288.0,6270.0,0.0,1714.0,346.0,6763.777777777778,0.0,5108.88888888889,1396.5925925925926,281.9259259259259,9131100.0,0.0,6897000.0,1885400.0,380600.0
X,25S,DKTP41051,Bottom,트레이닝(하의),DKTP41051K0001,69000,1500,103500000,76666.66666666667,CQ241201112,KRW,대원에프앤드씨 (주),2024-12-27,4.737037037037037,0.9777777777777777,1.105925925925926,0.24,3.354074074074074,0.0,1.2207407407407407,0.2548148148148148,6395.0,1320.0,1493.0,324.0,4528.0,0.0,1648.0,344.0,9124.444444444445,1466.6666666666665,5031.111111111111,1831.111111111111,382.22222222222223,12318000.0,1980000.0,6792000.0,2472000.0,516000.0
X,25S,DKTP42051,Bottom,트레이닝(하의),DKTP42051K0001,69000,1290,89010000,65933.33333333333,CQ241201111,KRW,대원에프앤드씨 (주),2024-12-27,4.262962962962963,0.9777777777777777,1.12,0.24,3.354074074074074,0.0,1.165925925925926,0.23703703703703705,5755.0,1320.0,1512.0,324.0,4528.0,0.0,1574.0,320.0,7253.622222222222,1261.3333333333333,4326.7555555555555,1504.0444444444445,305.77777777777777,9792390.0,1702800.0,5841120.0,2030460.0,412800.0
X,25S,DKTR31051,Inner,트레이닝(상의),DKTR31051K0001,69000,1400,96600000,71555.55555555556,CQ241201116,KRW,대원에프앤드씨 (주),2024-12-27,5.55037037037037,1.125925925925926,0.6488888888888888,0.24,2.3740740740740742,0.0,1.1637037037037037,0.2696296296296296,7493.0,1520.0,876.0,324.0,3205.0,0.0,1571.0,364.0,9014.962962962964,1576.2962962962963,3323.703703703704,1629.1851851851852,377.48148148148147,12170200.0,2128000.0,4487000.0,2199400.0,509600.0
X,25S,DKTR32051,Inner,트레이닝(상의),DKTR32051K0001,59000,1500,88500000,65555.55555555556,CQ241201117,KRW,대원에프앤드씨 (주),2024-12-27,4.3244444444444445,1.7185185185185186,0.6044444444444445,0.24,1.8577777777777778,0.0,1.0207407407407407,0.21851851851851853,5838.0,2320.0,816.0,324.0,2508.0,0.0,1378.0,295.0,7753.333333333334,2577.777777777778,2786.6666666666665,1531.111111111111,327.77777777777777,10467000.0,3480000.0,3762000.0,2067000.0,442500.0
X,25S,DKTR33051,Inner,트레이닝(상의),DKTR33051K0001,59000,1100,64900000,48074.07407407407,CQ241201118,KRW,대원에프앤드씨 (주),2024-12-27,4.000740740740741,0.9037037037037037,0.6488888888888888,0.24,1.8577777777777778,0.0,0.8896296296296297,0.2074074074074074,5401.0,1220.0,876.0,324.0,2508.0,0.0,1201.0,280.0,5378.592592592593,994.074074074074,2043.5555555555554,978.5925925925926,228.14814814814815,7261100.0,1342000.0,2758800.0,1321100.0,308000.0
X,25S,DKTR34051,Inner,트레이닝(상의),DKTR34051K0001,99000,1510,149490000,110733.33333333333,CQ241201119,KRW,대원에프앤드씨 (주),2024-12-27,6.881481481481481,0.25925925925925924,2.374814814814815,0.24,4.386666666666667,0.0,1.6681481481481482,0.39185185185185184,9290.0,350.0,3206.0,324.0,5922.0,0.0,2252.0,529.0,14339.407407407407,391.48148148148147,6623.866666666667,2518.9037037037037,591.6962962962963,19358200.0,528500.0,8942220.0,3400520.0,798790.0
X,25S,DKTR35051,Inner,트레이닝(상의),DKTR35051K0001,69000,1400,96600000,71555.55555555556,CQ241201120,KRW,대원에프앤드씨 (주),2024-12-27,5.465185185185185,0.25925925925925924,1.0155555555555555,0.24,2.5837037037037036,0.0,1.1185185185185185,0.28074074074074074,7378.0,350.0,1371.0,324.0,3488.0,0.0,1510.0,379.0,9409.037037037036,362.96296296296293,3617.185185185185,1565.9259259259259,393.037037037037,12702200.0,490000.0,4883200.0,2114000.0,530600.0
X,25S,DKTR36051,Inner,트레이닝(상의),DKTR36051K0001,59000,1700,100300000,74296.29629629629,CQ241201121,KRW,대원에프앤드씨 (주),2024-12-27,4.2155555555555555,0.25925925925925924,0.9651851851851851,0.24,1.8577777777777778,0.0,0.8755555555555555,0.2288888888888889,5691.0,350.0,1303.0,324.0,2508.0,0.0,1182.0,309.0,9215.25925925926,440.7407407407407,3158.222222222222,1488.4444444444443,389.11111111111114,12440600.0,595000.0,4263600.0,2009400.0,525300.0
X,25S,DKTR37051,Inner,트레이닝(상의),DKTR37051K0001,109000,900,98100000,72666.66666666667,CQ241201122,KRW,대원에프앤드씨 (주),2024-12-27,7.940740740740741,0.0,3.0562962962962965,0.24,5.16074074074074,0.0,1.9392592592592592,0.4614814814814815,10720.0,0.0,4126.0,324.0,6967.0,0.0,2618.0,623.0,10113.333333333334,0.0,4644.666666666666,1745.3333333333333,415.33333333333337,13653000.0,0.0,6270300.0,2356200.0,560700.0
X,25S,DKTR38051,Inner,트레이닝(상의),DKTR38051K0001,69000,1000,69000000,51111.11111111111,CQ241201147,KRW,대원에프앤드씨 (주),2024-12-27,4.971111111111111,0.25925925925925924,1.005925925925926,0.24,2.27037037037037,0.0,1.0207407407407407,0.2607407407407407,6711.0,350.0,1358.0,324.0,3065.0,0.0,1378.0,352.0,6217.037037037037,259.25925925925924,2270.37037037037,1020.7407407407408,260.7407407407407,8393000.0,350000.0,3065000.0,1378000.0,352000.0
X,25S,DKTR3A051,Inner,트레이닝(상의),DKTR3A051K0001,129000,1590,205110000,151933.33333333334,CQ241201273,KRW,노바비젼코리아(주),2024-12-30,5.025185185185185,0.25925925925925924,3.448148148148148,0.28888888888888886,7.7407407407407405,0.0,1.977037037037037,0.36518518518518517,6784.0,350.0,4655.0,390.0,10450.0,0.0,2669.0,493.0,13931.933333333332,412.2222222222222,12307.777777777777,3143.4888888888886,580.6444444444444,18808110.0,556500.0,16615500.0,4243710.0,783870.0
X,25S,DKTR3B051,Inner,트레이닝(상의),DKTR3B051K0001,89000,1700,151300000,112074.07407407407,CQ241201272,KRW,노바비젼코리아(주),2024-12-30,4.014814814814815,0.25925925925925924,1.8911111111111112,0.28888888888888886,5.16074074074074,0.0,1.3592592592592592,0.26296296296296295,5420.0,350.0,2553.0,390.0,6967.0,0.0,1835.0,355.0,10531.185185185186,440.7407407407407,8773.25925925926,2310.7407407407404,447.037037037037,14217100.0,595000.0,11843900.0,3119500.0,603500.0
X,25S,DKTR3C051,Inner,트레이닝(상의),DKTR3C051K0001,139000,900,125100000,92666.66666666667,CQ241200668,KRW,(주) 엠에스디엔엠,2024-12-12,7.579259259259259,0.0,3.4874074074074075,0.1748148148148148,8.257037037037037,0.0,2.3185185185185184,0.4585185185185185,10232.0,0.0,4708.0,236.0,11147.0,0.0,3130.0,619.0,10117.333333333334,0.0,7431.333333333333,2086.6666666666665,412.66666666666663,13658400.0,0.0,10032300.0,2817000.0,557100.0
X,25S,DKTR3D051,Inner,트레이닝(상의),DKTR3D051K0001,119000,800,95200000,70518.51851851853,CQ241201220,KRW,호전실업(주),2024-12-27,4.402962962962963,0.0,3.156296296296296,0.31555555555555553,8.566666666666666,0.0,1.9348148148148148,0.33037037037037037,5944.0,0.0,4261.0,426.0,11565.0,0.0,2612.0,446.0,6299.851851851851,0.0,6853.333333333333,1547.8518518518517,264.2962962962963,8504800.0,0.0,9252000.0,2089600.0,356800.0
X,25S,DKTR3E051,Inner,트레이닝(상의),DKTR3E051K0001,139000,850,118150000,87518.51851851853,CQ241200727,KRW,(주) 엠에스디엔엠,2024-12-13,6.183703703703704,0.0,3.6148148148148147,0.1748148148148148,8.257037037037037,0.0,2.1666666666666665,0.40814814814814815,8348.0,0.0,4880.0,236.0,11147.0,0.0,2925.0,551.0,8477.333333333334,0.0,7018.481481481482,1841.6666666666665,346.9259259259259,11444400.0,0.0,9474950.0,2486250.0,468350.0
X,25S,DKTR3F051,Inner,트레이닝(상의),DKTR3F051K0001,89000,1100,97900000,72518.51851851853,CQ250100693,KRW,꼼드감므(주),2025-01-16,3.002222222222222,0.0,1.9614814814814814,0.21333333333333335,3.6125925925925926,0.0,1.028888888888889,0.21777777777777776,4053.0,0.0,2648.0,288.0,4877.0,0.0,1389.0,294.0,5694.740740740741,0.0,3973.8518518518517,1131.7777777777778,239.55555555555554,7687900.0,0.0,5364700.0,1527900.0,323400.0
X,25S,DKTR41051,Inner,트레이닝(상의),DKTR41051K0001,99000,1300,128700000,95333.33333333333,CQ241201114,KRW,대원에프앤드씨 (주),2024-12-27,6.183703703703704,0.9777777777777777,1.5081481481481482,0.24,4.128888888888889,0.0,1.5355555555555556,0.3288888888888889,8348.0,1320.0,2036.0,324.0,5574.0,0.0,2073.0,444.0,10311.407407407407,1271.111111111111,5367.555555555555,1996.2222222222222,427.55555555555554,13920400.0,1716000.0,7246200.0,2694900.0,577200.0
X,25S,DKTR42051,Inner,트레이닝(상의),DKTR42051K0001,59000,1400,82600000,61185.18518518518,CQ241201115,KRW,대원에프앤드씨 (주),2024-12-27,3.9948148148148146,2.088888888888889,0.6111111111111112,0.24,1.8577777777777778,0.0,1.0266666666666666,0.20592592592592593,5393.0,2820.0,825.0,324.0,2508.0,0.0,1386.0,278.0,6784.2962962962965,2924.444444444445,2600.8888888888887,1437.3333333333333,288.2962962962963,9158800.0,3948000.0,3511200.0,1940400.0,389200.0
X,25S,DKTR72053,Inner,트레이닝(상의),DKTR72053K0001,49000,4000,196000000,145185.1851851852,CQ241200915,KRW,어패럴테크,2024-12-20,2.808148148148148,0.0,1.1377777777777778,0.25703703703703706,2.27037037037037,0.0,0.7459259259259259,0.38074074074074077,3791.0,0.0,1536.0,347.0,3065.0,0.0,1007.0,514.0,16811.851851851854,0.0,9081.48148148148,2983.7037037037035,1522.962962962963,22696000.0,0.0,12260000.0,4028000.0,2056000.0
X,25S,DKTR73053,Inner,트레이닝(상의),DKTR73053K0001,49000,4200,205800000,152444.44444444444,CQ250200496,KRW,티피나디아(주),2025-02-11,2.928888888888889,0.0,1.4214814814814816,0.28888888888888886,2.383703703703704,0.0,0.8081481481481482,0.20074074074074075,3954.0,0.0,1919.0,390.0,3218.0,0.0,1091.0,271.0,19484.888888888887,0.0,10011.555555555557,3394.222222222222,843.1111111111111,26304600.0,0.0,13515600.0,4582200.0,1138200.0
X,25S,DKTR74053,Inner,트레이닝(상의),DKTR74053K0001,49000,2000,98000000,72592.5925925926,CQ250200059,KRW,티피나디아(주),2025-02-03,3.065185185185185,0.9037037037037037,0.8962962962962963,0.28888888888888886,2.3814814814814813,0.0,0.8696296296296296,0.18518518518518517,4138.0,1220.0,1210.0,390.0,3215.0,0.0,1174.0,250.0,8500.74074074074,1807.4074074074074,4762.962962962963,1739.2592592592594,370.3703703703703,11476000.0,2440000.0,6430000.0,2348000.0,500000.0
X,25S,DKTR75053,Inner,트레이닝(상의),DKTR75053K0001,69000,2500,172500000,127777.77777777778,CQ250200060,KRW,티피나디아(주),2025-02-03,2.988888888888889,0.0,3.2185185185185183,0.28888888888888886,3.2074074074074073,0.0,1.1296296296296295,0.2748148148148148,4035.0,0.0,4345.0,390.0,4330.0,0.0,1525.0,371.0,16240.74074074074,0.0,8018.518518518518,2824.074074074074,687.037037037037,21925000.0,0.0,10825000.0,3812500.0,927500.0
X,25S,DKTR76053,Inner,트레이닝(상의),DKTR76053K0001,59000,3300,194700000,144222.22222222222,CQ250200061,KRW,티피나디아(주),2025-02-03,2.7585185185185184,0.0,1.5214814814814814,0.28888888888888886,2.6911111111111112,0.0,0.8362962962962963,0.19777777777777777,3724.0,0.0,2054.0,390.0,3633.0,0.0,1129.0,267.0,15077.333333333334,0.0,8880.666666666668,2759.777777777778,652.6666666666666,20354400.0,0.0,11988900.0,3725700.0,881100.0
X,25S,DKTR77053,Inner,트레이닝(상의),DKTR77053K0001,89000,2490,221610000,164155.55555555556,CQ250200062,KRW,티피나디아(주),2025-02-03,4.0525925925925925,0.0,2.388888888888889,0.28888888888888886,6.8207407407407405,0.0,1.5911111111111111,0.2837037037037037,5471.0,0.0,3225.0,390.0,9208.0,0.0,2148.0,383.0,16758.62222222222,0.0,16983.644444444442,3961.866666666667,706.4222222222222,22624140.0,0.0,22927920.0,5348520.0,953670.0
X,25S,DKTR78053,Inner,트레이닝(상의),DKTR78053K0001,99000,3100,306900000,227333.33333333334,CQ250200068,KRW,티피나디아(주),2025-02-03,4.202962962962963,0.0,2.354074074074074,0.28888888888888886,6.82,0.0,1.6051851851851853,0.28888888888888886,5674.0,0.0,3178.0,390.0,9207.0,0.0,2167.0,390.0,21222.370370370372,0.0,21142.0,4976.074074074074,895.5555555555554,28650200.0,0.0,28541700.0,6717700.0,1209000.0
X,25S,DKTR92053,Inner,트레이닝(상의),DKTR92053K0001,39000,1510,58890000,43622.22222222222,CQ250200519,KRW,대원에프앤드씨 (주),2025-02-11,1.8385185185185184,0.7555555555555555,0.5481481481481482,0.2607407407407407,1.1859259259259258,0.0,0.5192592592592593,0.11925925925925926,2482.0,1020.0,740.0,352.0,1601.0,0.0,701.0,161.0,3997.5851851851853,1140.888888888889,1790.748148148148,784.0814814814815,180.0814814814815,5396740.0,1540200.0,2417510.0,1058510.0,243110.0
X,25S,DKTR93053,Inner,트레이닝(상의),DKTR93053K0001,39000,1000,39000000,28888.88888888889,CQ250200545,KRW,주식회사 에이치에스소싱,2025-02-13,1.3688888888888888,0.7444444444444445,0.7555555555555555,0.2859259259259259,1.0785185185185184,0.0,0.47333333333333333,0.11037037037037037,1848.0,1005.0,1020.0,386.0,1456.0,0.0,639.0,149.0,2410.3703703703704,744.4444444444445,1078.5185185185185,473.3333333333333,110.37037037037037,3254000.0,1005000.0,1456000.0,639000.0,149000.0
X,25S,DKTR9A053,Inner,트레이닝(상의),DKTR9A053K0001,99000,1600,158400000,117333.33333333333,CQ250200334,KRW,주식회사 아라움,2025-03-12,3.522962962962963,0.14814814814814814,2.2688888888888887,0.1748148148148148,8.087407407407408,0.0,1.682962962962963,0.2474074074074074,4756.0,200.0,3063.0,236.0,10918.0,0.0,2272.0,334.0,9546.666666666668,237.037037037037,12939.851851851852,2692.740740740741,395.85185185185185,12888000.0,320000.0,17468800.0,3635200.0,534400.0
X,25S,DKWJ11051,Outer,방풍자켓,DKWJ11051K0001,129000,3100,399900000,296222.22222222225,CQ250100353,KRW,(주)기도산업,2025-01-08,6.054074074074074,0.14814814814814814,4.446666666666666,0.1748148148148148,8.257037037037037,0.0,2.2688888888888887,0.43555555555555553,8173.0,200.0,6003.0,236.0,11147.0,0.0,3063.0,588.0,33094.22222222222,459.25925925925924,25596.814814814814,7033.555555555555,1350.2222222222222,44677200.0,620000.0,34555700.0,9495300.0,1822800.0
X,25S,DKWJ12051,Outer,방풍자켓,DKWJ12051K0001,139000,1000,139000000,102962.96296296296,CQ250100354,KRW,(주)기도산업,2025-01-08,6.891111111111111,0.0,4.241481481481482,0.17555555555555555,8.773333333333333,0.0,2.388888888888889,0.4614814814814815,9303.0,0.0,5726.0,237.0,11844.0,0.0,3225.0,623.0,11308.148148148148,0.0,8773.333333333334,2388.8888888888887,461.48148148148147,15266000.0,0.0,11844000.0,3225000.0,623000.0
X,25S,DKWJ31051,Outer,방풍자켓,DKWJ31051K0001,139000,1440,200160000,148266.66666666666,CQ250100355,KRW,(주)기도산업,2025-01-08,5.762962962962963,0.0,5.48,0.17407407407407408,8.257037037037037,0.0,2.34,0.4659259259259259,7780.0,0.0,7398.0,235.0,11147.0,0.0,3159.0,629.0,16440.533333333333,0.0,11890.133333333333,3369.6,670.9333333333333,22194720.0,0.0,16051680.0,4548960.0,905760.0
X,25S,DKWJ51053,Outer,방풍자켓,DKWJ51053K0001,119000,2300,273700000,202740.74074074073,CQ250200549,KRW,꼼드감므(주),2025-02-13,7.1792592592592595,0.0,3.5348148148148146,0.2859259259259259,9.031851851851853,0.0,2.3696296296296295,0.4540740740740741,9692.0,0.0,4772.0,386.0,12193.0,0.0,3199.0,613.0,25300.0,0.0,20773.259259259263,5450.148148148148,1044.3703703703704,34155000.0,0.0,28043900.0,7357700.0,1409900.0
X,25S,DKWJ52053,Outer,방풍자켓,DKWJ52053K0001,119000,2300,273700000,202740.74074074073,CQ250200553,KRW,노바비젼코리아(주),2025-02-13,6.184444444444445,0.0,3.506666666666667,0.28888888888888886,9.031851851851853,0.0,2.2466666666666666,0.5992592592592593,8349.0,0.0,4734.0,390.0,12193.0,0.0,3033.0,809.0,22954.0,0.0,20773.259259259263,5167.333333333333,1378.2962962962963,30987900.0,0.0,28043900.0,6975900.0,1860700.0
X,25S,DKWJ53053,Outer,방풍자켓,DKWJ53053K0001,139000,1700,236300000,175037.03703703705,CQ250200548,KRW,꼼드감므(주),2025-02-13,6.954814814814815,0.0,4.068888888888889,0.2859259259259259,8.5,0.0,2.342962962962963,0.4666666666666667,9389.0,0.0,5493.0,386.0,11475.0,0.0,3163.0,630.0,19226.37037037037,0.0,14450.0,3983.0370370370374,793.3333333333334,25955600.0,0.0,19507500.0,5377100.0,1071000.0
X,25S,DKWJ71053,Outer,방풍자켓,DKWJ71053K0001,129000,2200,283800000,210222.22222222222,CQ250200554,KRW,호전실업(주),2025-02-13,5.358518518518519,0.0,4.494074074074074,0.26296296296296295,9.031851851851853,0.0,2.265925925925926,0.4177777777777778,7234.0,0.0,6067.0,355.0,12193.0,0.0,3059.0,564.0,22254.222222222223,0.0,19870.074074074077,4985.037037037037,919.1111111111112,30043200.0,0.0,26824600.0,6729800.0,1240800.0
