브랜드,시즌,스타일,중분류,아이템명,PO,TAG,수량,TAG_총금액,TAG_USD금액(전년환율),원가견적번호,발주통화,제조업체,견적서제출일자,합의납기일,(USD)_원자재,(USD)_아트웍,(USD)_부자재,(USD)_택/라벨,(USD) 공임,(USD)본사공급자재,(USD)_정상마진,(USD)_경비,(KRW)_원자재,(KRW)_아트웍,(KRW)_부자재,(KRW)_택/라벨,(KRW)_공임,(KRW)본사공급자재,(KRW)_정상마진,(KRW)_경비,USD_재료계(원/부/택/본공)_총금액(단가×수량),USD_아트웍_총금액(단가×수량),USD_공임_총금액(단가×수량),USD_정상마진_총금액(단가×수량),USD_경비_총금액(단가×수량),KRW_재료계(원/부/택/본공)_총금액(단가×수량),KRW_아트웍_총금액(단가×수량),KRW_공임_총금액(단가×수량),KRW_정상마진_총금액(단가×수량),KRW_경비_총금액(단가×수량)
X,전년(26N),DXBK0036N,,백팩,DXBK0036NK0001,169000,9700,1639300000,1170928.5714285714,CQ250900804,KRW,(주)케이앤씨인터내셔날,2025-09-24,2025-10-29,6.883703703703704,0.8518518518518519,8.51925925925926,0.3237037037037037,6.962962962962963,0.0,3.482962962962963,0.38296296296296295,9293.0,1150.0,11501.0,437.0,9400.0,0.0,4702.0,517.0,152548.66666666666,8262.962962962964,67540.74074074074,33784.74074074074,3714.740740740741,205940700.0,11155000.0,91180000.0,45609400.0,5014900.0
X,전년(26N),DXBK0116N,,백팩,DXBK0116ND0001,169000,70,11830000,8450.0,CQ250900808,KRW,(주)케이앤씨인터내셔날,2025-09-24,2025-10-29,6.54,1.0222222222222221,8.811111111111112,0.3237037037037037,6.962962962962963,0.0,3.5007407407407407,0.617037037037037,8829.0,1380.0,11895.0,437.0,9400.0,0.0,4726.0,833.0,1097.237037037037,71.55555555555556,487.4074074074074,245.05185185185186,43.19259259259259,1481270.0,96600.0,658000.0,330820.0,58310.0
X,전년(26N),DXBK0116N,,백팩,DXBK0116NK0001,169000,12950,2188550000,1563250.0,CQ250900806,KRW,(주)케이앤씨인터내셔날,2025-09-24,2025-10-29,6.54,1.0222222222222221,8.811111111111112,0.3237037037037037,6.962962962962963,0.0,3.5007407407407407,0.617037037037037,8829.0,1380.0,11895.0,437.0,9400.0,0.0,4726.0,833.0,202988.85185185185,13237.777777777777,90170.37037037036,45334.59259259259,7990.62962962963,274034950.0,17871000.0,121730000.0,61201700.0,10787350.0
X,전년(26N),DXBK0126N,,백팩,DXBK0126ND0001,169000,70,11830000,8450.0,CQ250900811,KRW,(주)케이앤씨인터내셔날,2025-09-24,2025-10-29,6.827407407407407,0.8518518518518519,9.165925925925926,0.3237037037037037,6.962962962962963,0.0,3.4518518518518517,0.19407407407407407,9217.0,1150.0,12374.0,437.0,9400.0,0.0,4660.0,262.0,1142.1925925925925,59.629629629629626,487.4074074074074,241.62962962962962,13.585185185185185,1541960.0,80500.0,658000.0,326200.0,18340.0
X,전년(26N),DXBK0126N,,백팩,DXBK0126NK0001,169000,14450,2442050000,1744321.4285714286,CQ250900809,KRW,(주)케이앤씨인터내셔날,2025-09-24,2025-10-29,6.827407407407407,0.8518518518518519,9.165925925925926,0.3237037037037037,6.962962962962963,0.0,3.4518518518518517,0.19407407407407407,9217.0,1150.0,12374.0,437.0,9400.0,0.0,4660.0,262.0,235781.1851851852,12309.25925925926,100614.81481481482,49879.25925925926,2804.3703703703704,318304600.0,16617500.0,135830000.0,67337000.0,3785900.0
X,전년(26N),DXBK0136N,,백팩,DXBK0136ND0001,179000,30,5370000,3835.714285714286,CQ250900814,KRW,(주)케이앤씨인터내셔날,2025-09-24,2025-10-29,6.816296296296296,1.1333333333333333,10.351851851851851,0.3237037037037037,7.111111111111111,0.0,3.328888888888889,0.19407407407407407,9202.0,1530.0,13975.0,437.0,9600.0,0.0,4494.0,262.0,524.7555555555556,34.0,213.33333333333334,99.86666666666666,5.822222222222222,708420.0,45900.0,288000.0,134820.0,7860.0
X,전년(26N),DXBK0136N,,백팩,DXBK0136NK0001,179000,5500,984500000,703214.2857142857,CQ250900812,KRW,(주)케이앤씨인터내셔날,2025-09-24,2025-10-29,6.816296296296296,1.1333333333333333,10.351851851851851,0.3237037037037037,7.111111111111111,0.0,3.328888888888889,0.19407407407407407,9202.0,1530.0,13975.0,437.0,9600.0,0.0,4494.0,262.0,96205.18518518518,6233.333333333333,39111.11111111111,18308.88888888889,1067.4074074074074,129877000.0,8415000.0,52800000.0,24717000.0,1441000.0
X,전년(26N),DXBK0146N,,백팩,DXBK0146ND0001,169000,65,10985000,7846.428571428572,CQ250900825,KRW,(주)케이앤씨인터내셔날,2025-09-24,2025-10-29,6.7592592592592595,0.8518518518518519,8.351851851851851,0.3237037037037037,7.111111111111111,0.0,3.4614814814814814,0.5481481481481482,9125.0,1150.0,11275.0,437.0,9600.0,0.0,4673.0,740.0,1003.262962962963,55.370370370370374,462.22222222222223,224.9962962962963,35.629629629629626,1354405.0,74750.0,624000.0,303745.0,48100.0
X,전년(26N),DXBK0146N,,백팩,DXBK0146NK0001,169000,11500,1943500000,1388214.2857142857,CQ250900824,KRW,(주)케이앤씨인터내셔날,2025-09-24,2025-10-29,6.7592592592592595,0.8518518518518519,8.351851851851851,0.3237037037037037,7.111111111111111,0.0,3.4614814814814814,0.5481481481481482,9125.0,1150.0,11275.0,437.0,9600.0,0.0,4673.0,740.0,177500.37037037036,9796.296296296296,81777.77777777778,39807.03703703704,6303.7037037037035,239625500.0,13225000.0,110400000.0,53739500.0,8510000.0
X,전년(26N),DXBK0156N,,백팩,DXBK0156ND0001,169000,65,10985000,7846.428571428572,CQ250900828,KRW,(주)케이앤씨인터내셔날,2025-09-24,2025-10-29,6.78,1.0740740740740742,8.457037037037036,0.3237037037037037,6.962962962962963,0.0,3.491111111111111,0.31851851851851853,9153.0,1450.0,11417.0,437.0,9400.0,0.0,4713.0,430.0,1011.4481481481481,69.81481481481481,452.5925925925926,226.92222222222222,20.703703703703702,1365455.0,94250.0,611000.0,306345.0,27950.0
X,전년(26N),DXBK0156N,,백팩,DXBK0156NK0001,169000,8000,1352000000,965714.2857142857,CQ250900826,KRW,(주)케이앤씨인터내셔날,2025-09-24,2025-10-29,6.78,1.0740740740740742,8.457037037037036,0.3237037037037037,6.962962962962963,0.0,3.491111111111111,0.31851851851851853,9153.0,1450.0,11417.0,437.0,9400.0,0.0,4713.0,430.0,124485.92592592593,8592.592592592593,55703.7037037037,27928.88888888889,2548.1481481481483,168056000.0,11600000.0,75200000.0,37704000.0,3440000.0
X,전년(26N),DXBK0166N,,백팩,DXBK0166ND0001,159000,65,10335000,7382.142857142857,CQ250900833,KRW,(주)케이앤씨인터내셔날,2025-09-24,2025-10-29,6.384444444444444,0.8518518518518519,8.354074074074074,0.3237037037037037,6.962962962962963,0.0,3.225185185185185,0.19407407407407407,8619.0,1150.0,11278.0,437.0,9400.0,0.0,4354.0,262.0,979.0444444444445,55.370370370370374,452.5925925925926,209.63703703703703,12.614814814814816,1321710.0,74750.0,611000.0,283010.0,17030.0
X,전년(26N),DXBK0166N,,백팩,DXBK0166NK0001,159000,6000,954000000,681428.5714285715,CQ250900830,KRW,(주)케이앤씨인터내셔날,2025-09-24,2025-10-29,6.384444444444444,0.8518518518518519,8.354074074074074,0.3237037037037037,6.962962962962963,0.0,3.225185185185185,0.19407407407407407,8619.0,1150.0,11278.0,437.0,9400.0,0.0,4354.0,262.0,90373.33333333333,5111.111111111111,41777.77777777778,19351.11111111111,1164.4444444444443,122004000.0,6900000.0,56400000.0,26124000.0,1572000.0
X,전년(26N),DXBK0176N,,백팩,DXBK0176NK0001,159000,6000,954000000,681428.5714285715,CQ250900834,KRW,(주)케이앤씨인터내셔날,2025-09-24,2025-10-29,6.168888888888889,0.8518518518518519,8.774074074074074,0.3237037037037037,6.962962962962963,0.0,3.391111111111111,0.19407407407407407,8328.0,1150.0,11845.0,437.0,9400.0,0.0,4578.0,262.0,91600.0,5111.111111111111,41777.77777777778,20346.666666666668,1164.4444444444443,123660000.0,6900000.0,56400000.0,27468000.0,1572000.0
X,전년(26N),DXBK3016N,,백팩,DXBK3016ND0001,139000,50,6950000,4964.285714285715,CQ250900843,KRW,(주)케이앤씨인터내셔날,2025-09-24,2025-10-31,6.296296296296297,0.7037037037037037,5.50962962962963,0.3237037037037037,6.185185185185185,0.0,2.8044444444444445,0.9918518518518519,8500.0,950.0,7438.0,437.0,8350.0,0.0,3786.0,1339.0,606.4814814814815,35.18518518518518,309.25925925925924,140.22222222222223,49.592592592592595,818750.0,47500.0,417500.0,189300.0,66950.0
X,전년(26N),DXBK3016N,,백팩,DXBK3016NK0001,139000,900,125100000,89357.14285714286,CQ250900841,KRW,(주)케이앤씨인터내셔날,2025-09-24,2025-10-31,6.296296296296297,0.7037037037037037,5.50962962962963,0.3237037037037037,6.185185185185185,0.0,2.8044444444444445,0.9918518518518519,8500.0,950.0,7438.0,437.0,8350.0,0.0,3786.0,1339.0,10916.666666666666,633.3333333333334,5566.666666666667,2524.0,892.6666666666666,14737500.0,855000.0,7515000.0,3407400.0,1205100.0
X,전년(26N),DXCP5016N,,운동모,DXCP5016ND0001,39000,350,13650000,9750.0,CQ251000818,KRW,㈜유풍,2025-10-24,2025-11-26,0.7111111111111111,0.8740740740740741,0.9585185185185185,0.3118518518518518,1.325925925925926,0.0,0.5807407407407408,0.09481481481481481,960.0,1180.0,1294.0,421.0,1790.0,0.0,784.0,128.0,693.5185185185185,305.9259259259259,464.0740740740741,203.25925925925927,33.18518518518518,936250.0,413000.0,626500.0,274400.0,44800.0
X,전년(26N),DXCP5016N,,운동모,DXCP5016NK0001,39000,5800,226200000,161571.42857142858,CQ251000817,KRW,㈜유풍,2025-10-24,2025-11-26,0.7111111111111111,0.8740740740740741,0.9585185185185185,0.3118518518518518,1.325925925925926,0.0,0.5807407407407408,0.09481481481481481,960.0,1180.0,1294.0,421.0,1790.0,0.0,784.0,128.0,11492.592592592593,5069.62962962963,7690.37037037037,3368.296296296296,549.925925925926,15515000.0,6844000.0,10382000.0,4547200.0,742400.0
X,전년(26N),DXCP5116N,,운동모,DXCP5116ND0001,45000,210,9450000,6750.0,CQ251000820,KRW,㈜유풍,2025-10-24,2025-11-26,0.7777777777777778,0.8740740740740741,0.9251851851851852,0.2866666666666667,2.025925925925926,0.0,0.6903703703703704,0.09333333333333334,1050.0,1180.0,1249.0,387.0,2735.0,0.0,932.0,126.0,417.8222222222222,183.55555555555554,425.44444444444446,144.9777777777778,19.6,564060.0,247800.0,574350.0,195720.0,26460.0
X,전년(26N),DXCP5116N,,운동모,DXCP5116NK0001,45000,4400,198000000,141428.57142857142,CQ251000819,KRW,㈜유풍,2025-10-24,2025-11-26,0.7777777777777778,0.8740740740740741,0.9251851851851852,0.2866666666666667,2.025925925925926,0.0,0.6903703703703704,0.09333333333333334,1050.0,1180.0,1249.0,387.0,2735.0,0.0,932.0,126.0,8754.37037037037,3845.925925925926,8914.074074074075,3037.6296296296296,410.6666666666667,11818400.0,5192000.0,12034000.0,4100800.0,554400.0
X,전년(26N),DXCR4026N,,크로스백,DXCR4026ND0001,59000,110,6490000,4635.714285714285,CQ250901112,KRW,(주)인투잇,2025-09-30,2025-11-26,1.2074074074074075,0.4444444444444444,1.7066666666666668,0.3162962962962963,3.9296296296296296,0.0,1.0933333333333333,0.6355555555555555,1630.0,600.0,2304.0,427.0,5305.0,0.0,1476.0,858.0,355.3407407407407,48.888888888888886,432.25925925925924,120.26666666666667,69.91111111111111,479710.0,66000.0,583550.0,162360.0,94380.0
X,전년(26N),DXCR4026N,,크로스백,DXCR4026NK0001,59000,1400,82600000,59000.0,CQ250901110,KRW,(주)인투잇,2025-09-30,2025-11-26,1.2074074074074075,0.4444444444444444,1.7066666666666668,0.3162962962962963,3.9296296296296296,0.0,1.0933333333333333,0.6355555555555555,1630.0,600.0,2304.0,427.0,5305.0,0.0,1476.0,858.0,4522.518518518518,622.2222222222222,5501.481481481482,1530.6666666666667,889.7777777777778,6105400.0,840000.0,7427000.0,2066400.0,1201200.0
X,전년(26N),DXMR0186N,,메신저백,DXMR0186NK0001,99000,2400,237600000,169714.2857142857,CQ250900837,KRW,(주)케이앤씨인터내셔날,2025-09-24,2025-10-29,4.804444444444444,0.25925925925925924,3.46,0.3237037037037037,5.666666666666667,0.0,1.9585185185185185,0.19407407407407407,6486.0,350.0,4671.0,437.0,7650.0,0.0,2644.0,262.0,20611.555555555555,622.2222222222222,13600.0,4700.444444444444,465.77777777777777,27825600.0,840000.0,18360000.0,6345600.0,628800.0
X,전년(26N),DXMR0196N,,메신저백,DXMR0196ND0001,119000,20,2380000,1700.0,CQ250900840,KRW,(주)케이앤씨인터내셔날,2025-09-24,2025-10-29,5.063703703703704,0.25925925925925924,5.268148148148148,0.3237037037037037,5.666666666666667,0.0,2.1133333333333333,0.19407407407407407,6836.0,350.0,7112.0,437.0,7650.0,0.0,2853.0,262.0,213.11111111111111,5.185185185185185,113.33333333333333,42.266666666666666,3.8814814814814813,287700.0,7000.0,153000.0,57060.0,5240.0
X,전년(26N),DXMR0196N,,메신저백,DXMR0196NK0001,119000,2300,273700000,195500.0,CQ250900839,KRW,(주)케이앤씨인터내셔날,2025-09-24,2025-10-29,5.063703703703704,0.25925925925925924,5.268148148148148,0.3237037037037037,5.666666666666667,0.0,2.1133333333333333,0.19407407407407407,6836.0,350.0,7112.0,437.0,7650.0,0.0,2853.0,262.0,24507.777777777777,596.2962962962963,13033.333333333334,4860.666666666667,446.3703703703704,33085500.0,805000.0,17595000.0,6561900.0,602600.0
X,전년(26N),DXSG1086N,,슬링백,DXSG1086NK0001,109000,1500,163500000,116785.71428571429,CQ251000687,KRW,(주)인투잇,2025-10-22,2025-11-26,1.9851851851851852,0.5555555555555556,5.4511111111111115,0.3237037037037037,5.4,0.0,1.165185185185185,0.9711111111111111,2680.0,750.0,7359.0,437.0,7290.0,0.0,1573.0,1311.0,11640.0,833.3333333333334,8100.0,1747.7777777777778,1456.6666666666667,15714000.0,1125000.0,10935000.0,2359500.0,1966500.0
X,전년(26N),DXSG4016N,,슬링백,DXSG4016ND0001,109000,110,11990000,8564.285714285714,CQ250901131,KRW,(주)인투잇,2025-09-30,2025-11-26,2.6355555555555554,0.7407407407407407,4.850370370370371,0.3162962962962963,4.8533333333333335,0.0,1.9622222222222223,0.94,3558.0,1000.0,6548.0,427.0,6552.0,0.0,2649.0,1269.0,858.2444444444444,81.48148148148148,533.8666666666667,215.84444444444443,103.4,1158630.0,110000.0,720720.0,291390.0,139590.0
X,전년(26N),DXSG4016N,,슬링백,DXSG4016NK0001,109000,2800,305200000,218000.0,CQ250901134,KRW,(주)인투잇,2025-09-30,2025-11-26,2.6355555555555554,0.7407407407407407,4.850370370370371,0.3162962962962963,4.8533333333333335,0.0,1.9622222222222223,0.94,3558.0,1000.0,6548.0,427.0,6552.0,0.0,2649.0,1269.0,21846.222222222223,2074.074074074074,13589.333333333334,5494.222222222223,2632.0,29492400.0,2800000.0,18345600.0,7417200.0,3553200.0
X,전년(25N),DKBK5015N,,백팩,DKBK5015NK0001,149000,2000,298000000,212857.14285714287,CQ250700269,KRW,(주)케이앤씨인터내셔날,2025-07-03,2025-08-06,6.545185185185185,0.5185185185185185,7.506666666666667,0.3237037037037037,7.296296296296297,0.0,3.0614814814814815,1.0444444444444445,8836.0,700.0,10134.0,437.0,9850.0,0.0,4133.0,1410.0,28751.11111111111,1037.037037037037,14592.592592592593,6122.962962962963,2088.8888888888887,38814000.0,1400000.0,19700000.0,8266000.0,2820000.0
X,전년(25N),DKBN6095N,,비니,DKBN6095NK0001,42000,900,37800000,27000.0,CQ250700472,KRW,정화무역,2025-07-15,2025-09-03,1.0637037037037036,0.7407407407407407,0.1725925925925926,0.25703703703703706,3.3333333333333335,0.0,0.7962962962962963,0.52,1436.0,1000.0,233.0,347.0,4500.0,0.0,1075.0,702.0,1344.0,666.6666666666666,3000.0,716.6666666666666,468.0,1814400.0,900000.0,4050000.0,967500.0,631800.0
X,전년(25N),DKBN6105N,,비니,DKBN6105NK0001,45000,800,36000000,25714.285714285714,CQ250700473,KRW,정화무역,2025-07-15,2025-08-06,2.077777777777778,0.7407407407407407,0.1725925925925926,0.25703703703703706,3.6296296296296298,0.0,0.9933333333333333,0.3540740740740741,2805.0,1000.0,233.0,347.0,4900.0,0.0,1341.0,478.0,2005.9259259259259,592.5925925925926,2903.703703703704,794.6666666666666,283.25925925925924,2708000.0,800000.0,3920000.0,1072800.0,382400.0
X,전년(25N),DKBN6115N,,비니,DKBN6115NK0001,65000,800,52000000,37142.857142857145,CQ250901026,KRW,정화무역,2025-09-30,2025-10-22,3.76,0.5185185185185185,0.12814814814814815,0.25703703703703706,4.37037037037037,0.0,1.3162962962962963,0.5407407407407407,5076.0,700.0,173.0,347.0,5900.0,0.0,1777.0,730.0,3316.1481481481483,414.81481481481484,3496.296296296296,1053.037037037037,432.5925925925926,4476800.0,560000.0,4720000.0,1421600.0,584000.0
X,전년(25N),DKCP6015N,,운동모,DKCP6015NK0001,39000,1000,39000000,27857.14285714286,CQ250700380,KRW,㈜유풍,2025-07-09,2025-08-06,1.0548148148148149,0.4148148148148148,0.8688888888888889,0.3088888888888889,1.9962962962962962,0.0,0.6503703703703704,1.645925925925926,1424.0,560.0,1173.0,417.0,2695.0,0.0,878.0,2222.0,2232.5925925925926,414.81481481481484,1996.2962962962963,650.3703703703703,1645.9259259259259,3014000.0,560000.0,2695000.0,878000.0,2222000.0
X,전년(25N),DKCP6025N,,운동모,DKCP6025NK0001,39000,400,15600000,11142.857142857143,CQ250700381,KRW,㈜유풍,2025-07-09,2025-08-06,1.4577777777777778,0.562962962962963,0.8666666666666667,0.2866666666666667,1.9777777777777779,0.0,0.7296296296296296,2.525925925925926,1968.0,760.0,1170.0,387.0,2670.0,0.0,985.0,3410.0,1044.4444444444443,225.1851851851852,791.1111111111111,291.85185185185185,1010.3703703703703,1410000.0,304000.0,1068000.0,394000.0,1364000.0
X,전년(25N),DKCP6035N,,운동모,DKCP6035NK0001,42000,800,33600000,24000.0,CQ250700382,KRW,㈜유풍,2025-07-09,2025-08-06,1.1037037037037036,0.6370370370370371,0.8688888888888889,0.2866666666666667,1.9777777777777779,0.0,0.6881481481481482,1.0674074074074074,1490.0,860.0,1173.0,387.0,2670.0,0.0,929.0,1441.0,1807.4074074074074,509.6296296296296,1582.2222222222222,550.5185185185185,853.925925925926,2440000.0,688000.0,2136000.0,743200.0,1152800.0
X,전년(25N),DKCP6045N,,운동모,DKCP6045NK0001,42000,800,33600000,24000.0,CQ250700383,KRW,㈜유풍,2025-07-09,2025-08-06,1.337037037037037,0.6370370370370371,0.8688888888888889,0.2866666666666667,1.974074074074074,0.0,0.7222222222222222,1.5585185185185184,1805.0,860.0,1173.0,387.0,2665.0,0.0,975.0,2104.0,1994.0740740740741,509.6296296296296,1579.2592592592594,577.7777777777778,1246.8148148148148,2692000.0,688000.0,2132000.0,780000.0,1683200.0
X,전년(25N),DKCR5035N,,크로스백,DKCR5035NK0001,89000,1000,89000000,63571.42857142857,CQ250700271,KRW,(주)케이앤씨인터내셔날,2025-07-03,2025-08-06,4.123703703703704,0.5185185185185185,2.2977777777777777,0.3237037037037037,3.911111111111111,0.0,1.4651851851851851,0.5451851851851852,5567.0,700.0,3102.0,437.0,5280.0,0.0,1978.0,736.0,6745.185185185185,518.5185185185185,3911.1111111111113,1465.1851851851852,545.1851851851852,9106000.0,700000.0,5280000.0,1978000.0,736000.0
X,전년(25N),DKDC7015N,,다운 스카프,DKDC7015NK0001,39000,2800,109200000,78000.0,CQ250700193,KRW,(주)시즈글로벌,2025-07-02,2025-09-17,1.931111111111111,0.14814814814814814,0.48518518518518516,0.19777777777777777,0.8333333333333334,0.0,0.5096296296296297,0.48444444444444446,2607.0,200.0,655.0,267.0,1125.0,0.0,688.0,654.0,7319.407407407408,414.81481481481484,2333.3333333333335,1426.962962962963,1356.4444444444443,9881200.0,560000.0,3150000.0,1926400.0,1831200.0
X,전년(25N),DKGL7025N,,장갑,DKGL7025NK0001,59000,1000,59000000,42142.857142857145,CQ250700194,KRW,(주)시즈글로벌,2025-07-02,2025-09-17,4.047407407407407,0.5185185185185185,1.1711111111111112,0.20666666666666667,2.9703703703703703,0.0,1.305925925925926,0.5977777777777777,5464.0,700.0,1581.0,279.0,4010.0,0.0,1763.0,807.0,5425.185185185185,518.5185185185185,2970.3703703703704,1305.9259259259259,597.7777777777778,7324000.0,700000.0,4010000.0,1763000.0,807000.0
X,전년(25N),DKGL7035N,,장갑,DKGL7035NK0001,45000,900,40500000,28928.571428571428,CQ250700195,KRW,(주)시즈글로벌,2025-07-02,2025-09-17,2.4214814814814813,0.9629629629629629,1.0444444444444445,0.20666666666666667,2.8555555555555556,0.0,1.0925925925925926,0.5274074074074074,3269.0,1300.0,1410.0,279.0,3855.0,0.0,1475.0,712.0,3305.3333333333335,866.6666666666666,2570.0,983.3333333333334,474.6666666666667,4462200.0,1170000.0,3469500.0,1327500.0,640800.0
X,전년(25N),DKHT6055N,,햇,DKHT6055NK0001,59000,500,29500000,21071.428571428572,CQ250700449,KRW,주식회사 피앤지아이엔씨,2025-07-15,2025-08-06,2.477777777777778,0.22962962962962963,1.5525925925925925,0.30518518518518517,3.259259259259259,0.0,1.1281481481481481,1.2,3345.0,310.0,2096.0,412.0,4400.0,0.0,1523.0,1620.0,2167.777777777778,114.81481481481481,1629.6296296296296,564.074074074074,600.0,2926500.0,155000.0,2200000.0,761500.0,810000.0
X,전년(25N),DKHT6065N,,햇,DKHT6065NK0001,65000,750,48750000,34821.42857142857,CQ250700448,KRW,주식회사 피앤지아이엔씨,2025-07-15,2025-08-06,2.2222222222222223,0.34074074074074073,1.4555555555555555,0.25703703703703706,3.259259259259259,0.0,1.0918518518518519,2.1185185185185187,3000.0,460.0,1965.0,347.0,4400.0,0.0,1474.0,2860.0,2951.1111111111113,255.55555555555554,2444.4444444444443,818.8888888888889,1588.888888888889,3984000.0,345000.0,3300000.0,1105500.0,2145000.0
X,전년(25N),DKSG5025N,,슬링백,DKSG5025NK0001,79000,2000,158000000,112857.14285714286,CQ250700270,KRW,(주)케이앤씨인터내셔날,2025-07-03,2025-08-06,1.7718518518518518,0.4444444444444444,2.7496296296296294,0.3237037037037037,4.481481481481482,0.0,1.2281481481481482,0.4822222222222222,2392.0,600.0,3712.0,437.0,6050.0,0.0,1658.0,651.0,9690.37037037037,888.8888888888889,8962.962962962964,2456.296296296296,964.4444444444445,13082000.0,1200000.0,12100000.0,3316000.0,1302000.0
X,전년(25N),DKSO7045N,,양말,DKSO7045NK0001,9000,800,7200000,5142.857142857143,CQ250700378,KRW,에스에이치어패럴(주),2025-07-09,2025-08-06,0.5874074074074074,0.0,0.33925925925925926,0.0,0.3925925925925926,0.0,0.19777777777777777,0.0,793.0,0.0,458.0,0.0,530.0,0.0,267.0,0.0,741.3333333333334,0.0,314.0740740740741,158.22222222222223,0.0,1000800.0,0.0,424000.0,213600.0,0.0
X,전년(25N),DKSO7055N,,양말,DKSO7055NK0001,10000,2400,24000000,17142.85714285714,CQ250700379,KRW,에스에이치어패럴(주),2025-07-09,2025-08-06,0.5014814814814815,0.0,0.33925925925925926,0.0,0.3925925925925926,0.0,0.18518518518518517,0.0,677.0,0.0,458.0,0.0,530.0,0.0,250.0,0.0,2017.7777777777778,0.0,942.2222222222222,444.44444444444446,0.0,2724000.0,0.0,1272000.0,600000.0,0.0
X,전년(25N),DKWM6075N,,방한모,DKWM6075NK0001,65000,1100,71500000,51071.42857142857,CQ250700384,KRW,㈜유풍,2025-07-09,2025-09-17,1.974074074074074,0.5925925925925926,1.0385185185185186,0.2866666666666667,3.162962962962963,0.0,1.0155555555555555,1.1962962962962962,2665.0,800.0,1402.0,387.0,4270.0,0.0,1371.0,1615.0,3629.185185185185,651.8518518518518,3479.259259259259,1117.111111111111,1315.9259259259259,4899400.0,880000.0,4697000.0,1508100.0,1776500.0
X,전년(25N),DKWM6085N,,방한모,DKWM6085NK0001,55000,1000,55000000,39285.71428571428,CQ250700385,KRW,㈜유풍,2025-07-09,2025-09-17,1.7555555555555555,0.4444444444444444,1.048888888888889,0.3088888888888889,3.1814814814814816,0.0,0.9644444444444444,1.102962962962963,2370.0,600.0,1416.0,417.0,4295.0,0.0,1302.0,1489.0,3113.3333333333335,444.44444444444446,3181.4814814814813,964.4444444444445,1102.962962962963,4203000.0,600000.0,4295000.0,1302000.0,1489000.0
X,전년(25N),DXBK5015N,,백팩,DXBK5015NC0001,159000,650,103350000,73821.42857142857,CQ250600326,KRW,(주)인투잇,2025-06-12,2025-07-10,7.125925925925926,0.37037037037037035,6.0088888888888885,0.3237037037037037,6.381481481481481,0.0,1.391851851851852,1.1385185185185185,9620.0,500.0,8112.0,437.0,8615.0,0.0,1879.0,1537.0,8748.037037037036,240.74074074074073,4147.962962962963,904.7037037037037,740.0370370370371,11809850.0,325000.0,5599750.0,1221350.0,999050.0
X,전년(25N),DXBK5015N,,백팩,DXBK5015NK0001,159000,666,105894000,75638.57142857143,CQ250600327,KRW,(주)인투잇,2025-06-09,2025-07-23,7.125925925925926,0.37037037037037035,6.0088888888888885,0.3237037037037037,6.381481481481481,0.0,1.391851851851852,1.1385185185185185,9620.0,500.0,8112.0,437.0,8615.0,0.0,1879.0,1537.0,8963.373333333333,246.66666666666666,4250.066666666667,926.9733333333334,758.2533333333333,12100554.0,333000.0,5737590.0,1251414.0,1023642.0
X,전년(25N),DXBK5025N,,백팩,DXBK5025NC0001,129000,400,51600000,36857.142857142855,CQ250600328,KRW,(주)인투잇,2025-06-12,2025-07-10,3.9851851851851854,0.37037037037037035,4.262962962962963,0.3237037037037037,6.381481481481481,0.0,0.72,0.8451851851851852,5380.0,500.0,5755.0,437.0,8615.0,0.0,972.0,1141.0,3428.740740740741,148.14814814814815,2552.5925925925926,288.0,338.0740740740741,4628800.0,200000.0,3446000.0,388800.0,456400.0
X,전년(25N),DXBK5025N,,백팩,DXBK5025NK0001,129000,1883,242907000,173505.0,CQ250600329,KRW,(주)인투잇,2025-06-12,2025-07-23,3.9851851851851854,0.37037037037037035,4.262962962962963,0.3237037037037037,6.381481481481481,0.0,0.72,0.8451851851851852,5380.0,500.0,5755.0,437.0,8615.0,0.0,972.0,1141.0,16140.797037037037,697.4074074074074,12016.32962962963,1355.76,1591.4837037037037,21790076.0,941500.0,16222045.0,1830276.0,2148503.0
X,전년(25N),DXBK5055N,,백팩,DXBK5055NC0001,129000,1000,129000000,92142.85714285714,CQ250600245,KRW,(주)케이앤씨인터내셔날,2025-06-05,2025-07-04,4.881481481481481,0.4444444444444444,5.0162962962962965,0.3237037037037037,5.703703703703703,0.0,2.054074074074074,0.605925925925926,6590.0,600.0,6772.0,437.0,7700.0,0.0,2773.0,818.0,10221.481481481482,444.44444444444446,5703.7037037037035,2054.074074074074,605.925925925926,13799000.0,600000.0,7700000.0,2773000.0,818000.0
X,전년(25N),DXBK5055N,,백팩,DXBK5055NK0001,129000,2010,259290000,185207.14285714287,CQ250600244,KRW,(주)케이앤씨인터내셔날,2025-06-05,2025-06-25,4.881481481481481,0.4444444444444444,5.017777777777778,0.3237037037037037,5.703703703703703,0.0,2.0859259259259257,0.654074074074074,6590.0,600.0,6774.0,437.0,7700.0,0.0,2816.0,883.0,20548.155555555557,893.3333333333334,11464.444444444445,4192.711111111111,1314.6888888888889,27740010.0,1206000.0,15477000.0,5660160.0,1774830.0
X,전년(25N),DXBN5565N,,비니,DXBN5565NK0001,39000,2420,94380000,67414.28571428571,CQ250700457,KRW,정화무역,2025-07-15,2025-09-03,0.72,0.37037037037037035,0.1725925925925926,0.25703703703703706,3.4074074074074074,0.0,0.7007407407407408,0.07925925925925927,972.0,500.0,233.0,347.0,4600.0,0.0,946.0,107.0,2782.1037037037036,896.2962962962963,8245.925925925925,1695.7925925925927,191.8074074074074,3755840.0,1210000.0,11132000.0,2289320.0,258940.0
X,전년(25N),DXBN5565N,,비니,DXBN5565NK0002,39000,1000,39000000,27857.14285714286,CQ250700458,KRW,정화무역,2025-07-15,2025-09-03,0.72,0.37037037037037035,0.1725925925925926,0.25703703703703706,3.4074074074074074,0.0,0.7007407407407408,0.07925925925925927,972.0,500.0,233.0,347.0,4600.0,0.0,946.0,107.0,1149.6296296296296,370.3703703703704,3407.4074074074074,700.7407407407408,79.25925925925925,1552000.0,500000.0,4600000.0,946000.0,107000.0
X,전년(25N),DXBN5575N,,비니,DXBN5575NK0001,39000,2420,94380000,67414.28571428571,CQ250700459,KRW,정화무역,2025-07-15,2025-09-03,0.6688888888888889,0.4,0.1725925925925926,0.25703703703703706,3.111111111111111,0.0,0.6525925925925926,0.04888888888888889,903.0,540.0,233.0,347.0,4200.0,0.0,881.0,66.0,2658.4148148148147,968.0,7528.888888888889,1579.2740740740742,118.31111111111112,3588860.0,1306800.0,10164000.0,2132020.0,159720.0
X,전년(25N),DXBN6215N,,비니,DXBN6215NC0001,42000,600,25200000,18000.0,CQ250700461,KRW,정화무역,2025-07-15,2025-08-27,0.5370370370370371,0.5185185185185185,0.1725925925925926,0.25703703703703706,3.7777777777777777,0.0,0.7511111111111111,0.6333333333333333,725.0,700.0,233.0,347.0,5100.0,0.0,1014.0,855.0,580.0,311.1111111111111,2266.6666666666665,450.6666666666667,380.0,783000.0,420000.0,3060000.0,608400.0,513000.0
X,전년(25N),DXBN6215N,,비니,DXBN6215NK0001,42000,1138,47796000,34140.0,CQ250700460,KRW,정화무역,2025-07-15,2025-09-03,0.5370370370370371,0.5185185185185185,0.1725925925925926,0.25703703703703706,3.7777777777777777,0.0,0.7511111111111111,0.6333333333333333,725.0,700.0,233.0,347.0,5100.0,0.0,1014.0,855.0,1100.0666666666666,590.074074074074,4299.111111111111,854.7644444444444,720.7333333333333,1485090.0,796600.0,5803800.0,1153932.0,972990.0
X,전년(25N),DXBN6245N,,비니,DXBN6245NK0001,72000,1467,105624000,75445.71428571429,CQ250700462,KRW,정화무역,2025-07-15,2025-09-03,4.489629629629629,0.5185185185185185,0.12814814814814815,0.25703703703703706,4.37037037037037,0.0,1.4259259259259258,0.2414814814814815,6061.0,700.0,173.0,347.0,5900.0,0.0,1925.0,326.0,7151.3533333333335,760.6666666666666,6411.333333333333,2091.8333333333335,354.25333333333333,9654327.0,1026900.0,8655300.0,2823975.0,478242.0
X,전년(25N),DXBN6255N,,비니,DXBN6255NC0001,65000,3050,198250000,141607.14285714287,CQ250700464,KRW,정화무역,2025-07-15,2025-08-27,3.6066666666666665,0.5185185185185185,0.1725925925925926,0.25703703703703706,3.4814814814814814,0.0,1.1666666666666667,0.12666666666666668,4869.0,700.0,233.0,347.0,4700.0,0.0,1575.0,171.0,12310.703703703704,1581.4814814814815,10618.518518518518,3558.3333333333335,386.3333333333333,16619450.0,2135000.0,14335000.0,4803750.0,521550.0
X,전년(25N),DXBN6255N,,비니,DXBN6255NK0001,65000,1186,77090000,55064.28571428572,CQ250700463,KRW,정화무역,2025-07-15,2025-09-03,3.6066666666666665,0.5185185185185185,0.1725925925925926,0.25703703703703706,3.4814814814814814,0.0,1.1666666666666667,0.12666666666666668,4869.0,700.0,233.0,347.0,4700.0,0.0,1575.0,171.0,4787.047407407407,614.9629629629629,4129.037037037037,1383.6666666666667,150.22666666666666,6462514.0,830200.0,5574200.0,1867950.0,202806.0
X,전년(25N),DXBN6265N,,비니,DXBN6265NC0001,59000,1240,73160000,52257.142857142855,CQ250700466,KRW,정화무역,2025-07-15,2025-08-27,3.0703703703703704,0.5185185185185185,0.1725925925925926,0.25703703703703706,3.4814814814814814,0.0,1.0866666666666667,0.13111111111111112,4145.0,700.0,233.0,347.0,4700.0,0.0,1467.0,177.0,4340.0,642.9629629629629,4317.037037037037,1347.4666666666667,162.57777777777778,5859000.0,868000.0,5828000.0,1819080.0,219480.0
X,전년(25N),DXBN6265N,,비니,DXBN6265NK0001,59000,710,41890000,29921.428571428572,CQ250700465,KRW,정화무역,2025-07-15,2025-09-03,3.0703703703703704,0.5185185185185185,0.1725925925925926,0.25703703703703706,3.4814814814814814,0.0,1.0866666666666667,0.13111111111111112,4145.0,700.0,233.0,347.0,4700.0,0.0,1467.0,177.0,2485.0,368.14814814814815,2471.8518518518517,771.5333333333333,93.08888888888889,3354750.0,497000.0,3337000.0,1041570.0,125670.0
X,전년(25N),DXBN6275N,,비니,DXBN6275NK0001,85000,800,68000000,48571.42857142857,CQ250700467,KRW,정화무역,2025-07-15,2025-09-03,2.44,0.5185185185185185,0.1725925925925926,0.25703703703703706,8.148148148148149,0.0,1.691851851851852,0.21185185185185185,3294.0,700.0,233.0,347.0,11000.0,0.0,2284.0,286.0,2295.703703703704,414.81481481481484,6518.518518518518,1353.4814814814815,169.4814814814815,3099200.0,560000.0,8800000.0,1827200.0,228800.0
X,전년(25N),DXBN6285N,,비니,DXBN6285NK0001,39000,1744,68016000,48582.857142857145,CQ250700468,KRW,정화무역,2025-07-15,2025-09-03,0.7644444444444445,0.5185185185185185,0.4985185185185185,0.25703703703703706,3.111111111111111,0.0,0.7340740740740741,0.06,1032.0,700.0,673.0,347.0,4200.0,0.0,991.0,81.0,2650.88,904.2962962962963,5425.777777777777,1280.2251851851852,104.64,3578688.0,1220800.0,7324800.0,1728304.0,141264.0
X,전년(25N),DXBN6295N,,비니,DXBN6295NC0001,45000,2000,90000000,64285.71428571428,CQ250700470,KRW,정화무역,2025-07-15,2025-08-27,1.0696296296296297,0.0,0.542962962962963,0.25703703703703706,3.3333333333333335,0.0,0.7422222222222222,0.37555555555555553,1444.0,0.0,733.0,347.0,4500.0,0.0,1002.0,507.0,3739.259259259259,0.0,6666.666666666667,1484.4444444444443,751.1111111111111,5048000.0,0.0,9000000.0,2004000.0,1014000.0
X,전년(25N),DXBN6295N,,비니,DXBN6295NK0001,45000,1709,76905000,54932.142857142855,CQ250700469,KRW,정화무역,2025-07-15,2025-09-03,1.0696296296296297,0.0,0.542962962962963,0.25703703703703706,3.3333333333333335,0.0,0.7422222222222222,0.37555555555555553,1444.0,0.0,733.0,347.0,4500.0,0.0,1002.0,507.0,3195.1970370370373,0.0,5696.666666666667,1268.4577777777777,641.8244444444445,4313516.0,0.0,7690500.0,1712418.0,866463.0
X,전년(25N),DXBN6305N,,비니,DXBN6305NK0001,42000,2306,96852000,69180.0,CQ250700471,KRW,정화무역,2025-07-15,2025-09-03,0.7229629629629629,0.5185185185185185,0.1725925925925926,0.25703703703703706,3.7777777777777777,0.0,0.7785185185185185,0.22,976.0,700.0,233.0,347.0,5100.0,0.0,1051.0,297.0,2657.8785185185184,1195.7037037037037,8711.555555555555,1795.2637037037036,507.32,3588136.0,1614200.0,11760600.0,2423606.0,684882.0
X,전년(25N),DXCP4085N,,운동모,DXCP4085NK0001,39000,10000,390000000,278571.4285714286,CQ250700280,KRW,(주)보광캡,2025-07-03,2025-09-25,0.9555555555555556,0.5185185185185185,1.2207407407407407,0.3585185185185185,1.9481481481481482,0.0,0.6962962962962963,0.23037037037037036,1290.0,700.0,1648.0,484.0,2630.0,0.0,940.0,311.0,25348.14814814815,5185.185185185185,19481.48148148148,6962.962962962963,2303.703703703704,34220000.0,7000000.0,26300000.0,9400000.0,3110000.0
X,전년(25N),DXCP5015N,,운동모,DXCP5015NK0002,39000,4400,171600000,122571.42857142857,CQ250700266,KRW,㈜유풍,2025-07-03,2025-08-20,0.837037037037037,0.14814814814814814,0.8022222222222222,0.30814814814814817,1.7933333333333332,0.0,0.5370370370370371,0.4325925925925926,1130.0,200.0,1083.0,416.0,2421.0,0.0,725.0,584.0,8568.592592592593,651.8518518518518,7890.666666666667,2362.962962962963,1903.4074074074074,11567600.0,880000.0,10652400.0,3190000.0,2569600.0
X,전년(25N),DXCP7025N,,운동모,DXCP7025NK0001,42000,3073,129066000,92190.0,CQ250601534,KRW,주식회사 피앤지아이엔씨,2025-06-26,2025-07-09,1.0,0.25925925925925924,1.1066666666666667,0.30518518518518517,2.259259259259259,0.0,0.6940740740740741,0.22666666666666666,1350.0,350.0,1494.0,412.0,3050.0,0.0,937.0,306.0,7411.620740740741,796.7037037037037,6942.7037037037035,2132.88962962963,696.5466666666666,10005688.0,1075550.0,9372650.0,2879401.0,940338.0
X,전년(25N),DXCP7035N,,운동모,DXCP7035NK0001,65000,2255,146575000,104696.42857142857,CQ250700256,KRW,(주)보광캡,2025-07-02,2025-07-25,2.417777777777778,0.8740740740740741,0.9837037037037037,0.30814814814814817,2.962962962962963,0.0,1.085925925925926,0.2748148148148148,3264.0,1180.0,1328.0,416.0,4000.0,0.0,1466.0,371.0,8365.214814814815,1971.037037037037,6681.481481481482,2448.762962962963,619.7074074074075,11293040.0,2660900.0,9020000.0,3305830.0,836605.0
X,전년(25N),DXCP7055N,,운동모,DXCP7055NC0001,39000,2400,93600000,66857.14285714286,CQ250600304,KRW,주식회사 피앤지아이엔씨,2025-06-05,2025-07-09,0.7903703703703704,0.42962962962962964,0.7681481481481481,0.2940740740740741,2.022222222222222,0.0,0.6014814814814815,0.36814814814814817,1067.0,580.0,1037.0,397.0,2730.0,0.0,812.0,497.0,4446.222222222223,1031.111111111111,4853.333333333333,1443.5555555555557,883.5555555555555,6002400.0,1392000.0,6552000.0,1948800.0,1192800.0
X,전년(25N),DXCP7055N,,운동모,DXCP7055NK0002,39000,5800,226200000,161571.42857142858,CQ250700450,KRW,주식회사 피앤지아이엔씨,2025-07-15,2025-08-13,0.7903703703703704,0.42962962962962964,0.7659259259259259,0.33037037037037037,2.022222222222222,0.0,0.6014814814814815,0.19185185185185186,1067.0,580.0,1034.0,446.0,2730.0,0.0,812.0,259.0,10942.666666666666,2491.8518518518517,11728.888888888889,3488.5925925925926,1112.7407407407406,14772600.0,3364000.0,15834000.0,4709600.0,1502200.0
X,전년(25N),DXCP7055N,,운동모,DXCP7055NK0003,39000,1800,70200000,50142.857142857145,CQ250700474,KRW,주식회사 피앤지아이엔씨,2025-07-15,2025-08-27,0.7903703703703704,0.42962962962962964,0.7659259259259259,0.33037037037037037,2.022222222222222,0.0,0.6014814814814815,0.16814814814814816,1067.0,580.0,1034.0,446.0,2730.0,0.0,812.0,227.0,3396.0,773.3333333333334,3640.0,1082.6666666666667,302.6666666666667,4584600.0,1044000.0,4914000.0,1461600.0,408600.0
X,전년(25N),DXCP7055N,,운동모,DXCP7055NK0004,39000,2800,109200000,78000.0,CQ250800386,KRW,주식회사 피앤지아이엔씨,2025-08-19,2025-10-22,0.7903703703703704,0.42962962962962964,0.7659259259259259,0.33037037037037037,2.022222222222222,0.0,0.6014814814814815,0.16814814814814816,1067.0,580.0,1034.0,446.0,2730.0,0.0,812.0,227.0,5282.666666666667,1202.962962962963,5662.222222222223,1684.148148148148,470.81481481481484,7131600.0,1624000.0,7644000.0,2273600.0,635600.0
X,전년(25N),DXCP7055N,,운동모,DXCP7055NK0005,39000,1000,39000000,27857.14285714286,CQ250900754,KRW,주식회사 피앤지아이엔씨,2025-09-23,2025-10-22,0.7903703703703704,0.42962962962962964,0.7659259259259259,0.33037037037037037,2.022222222222222,0.0,0.6014814814814815,0.16814814814814816,1067.0,580.0,1034.0,446.0,2730.0,0.0,812.0,227.0,1886.6666666666667,429.6296296296296,2022.2222222222222,601.4814814814815,168.14814814814815,2547000.0,580000.0,2730000.0,812000.0,227000.0
X,전년(25N),DXCP7065N,,운동모,DXCP7065NC0001,45000,600,27000000,19285.714285714286,CQ250700447,KRW,주식회사 피앤지아이엔씨,2025-07-15,2025-07-21,1.2207407407407407,0.42962962962962964,0.7496296296296296,0.2940740740740741,2.5925925925925926,0.0,0.7488888888888889,0.41555555555555557,1648.0,580.0,1012.0,397.0,3500.0,0.0,1011.0,561.0,1358.6666666666667,257.77777777777777,1555.5555555555557,449.3333333333333,249.33333333333334,1834200.0,348000.0,2100000.0,606600.0,336600.0
X,전년(25N),DXCP7065N,,운동모,DXCP7065NK0001,45000,2473,111285000,79489.28571428571,CQ250700446,KRW,주식회사 피앤지아이엔씨,2025-07-15,2025-08-04,1.2207407407407407,0.42962962962962964,0.7496296296296296,0.30518518518518517,2.5925925925925926,0.0,0.7488888888888889,0.4622222222222222,1648.0,580.0,1012.0,412.0,3500.0,0.0,1011.0,624.0,5627.448888888889,1062.474074074074,6411.481481481482,1852.0022222222221,1143.0755555555556,7597056.0,1434340.0,8655500.0,2500203.0,1543152.0
X,전년(25N),DXCP7075N,,운동모,DXCP7075NK0001,45000,1900,85500000,61071.42857142857,CQ250700388,KRW,㈜유풍,2025-07-09,2025-07-23,1.151851851851852,0.7407407407407407,1.0103703703703704,0.3118518518518518,2.2222222222222223,0.0,0.7688888888888888,0.11481481481481481,1555.0,1000.0,1364.0,421.0,3000.0,0.0,1038.0,155.0,4700.740740740741,1407.4074074074074,4222.222222222223,1460.888888888889,218.14814814814815,6346000.0,1900000.0,5700000.0,1972200.0,294500.0
X,전년(25N),DXCP7085N,,운동모,DXCP7085NC0001,45000,1900,85500000,61071.42857142857,CQ250700387,KRW,㈜유풍,2025-07-09,2025-08-07,1.0851851851851853,0.7407407407407407,1.0251851851851852,0.3118518518518518,1.8518518518518519,0.0,0.7051851851851851,0.11259259259259259,1465.0,1000.0,1384.0,421.0,2500.0,0.0,952.0,152.0,4602.222222222223,1407.4074074074074,3518.5185185185187,1339.851851851852,213.92592592592592,6213000.0,1900000.0,4750000.0,1808800.0,288800.0
X,전년(25N),DXCP7085N,,운동모,DXCP7085NK0001,45000,2256,101520000,72514.28571428571,CQ250700389,KRW,㈜유풍,2025-07-09,2025-07-23,1.0851851851851853,0.7407407407407407,1.0251851851851852,0.3118518518518518,1.8518518518518519,0.0,0.7051851851851851,0.11259259259259259,1465.0,1000.0,1384.0,421.0,2500.0,0.0,952.0,152.0,5464.533333333334,1671.111111111111,4177.777777777777,1590.8977777777777,254.0088888888889,7377120.0,2256000.0,5640000.0,2147712.0,342912.0
X,전년(25N),DXCP7125N,,운동모,DXCP7125NK0001,45000,2600,117000000,83571.42857142857,CQ250700263,KRW,㈜유풍,2025-07-03,2025-08-20,1.674074074074074,0.7407407407407407,0.8214814814814815,0.3118518518518518,1.8518518518518519,0.0,0.762962962962963,0.31777777777777777,2260.0,1000.0,1109.0,421.0,2500.0,0.0,1030.0,429.0,7299.259259259259,1925.9259259259259,4814.814814814815,1983.7037037037037,826.2222222222222,9854000.0,2600000.0,6500000.0,2678000.0,1115400.0
X,전년(25N),DXCP7135N,,운동모,DXCP7135NK0001,45000,4900,220500000,157500.0,CQ250700264,KRW,㈜유풍,2025-07-03,2025-08-20,1.2555555555555555,0.937037037037037,0.8214814814814815,0.3118518518518518,1.8518518518518519,0.0,0.7296296296296296,0.3125925925925926,1695.0,1265.0,1109.0,421.0,2500.0,0.0,985.0,422.0,11705.555555555555,4591.481481481482,9074.074074074075,3575.185185185185,1531.7037037037037,15802500.0,6198500.0,12250000.0,4826500.0,2067800.0
X,전년(25N),DXCR3115N,,크로스백,DXCR3115NK0003,89000,2000,178000000,127142.85714285714,CQ250800124,KRW,(주)케이앤씨인터내셔날,2025-08-06,2025-08-27,1.6466666666666667,0.4444444444444444,4.704444444444444,0.3237037037037037,3.8,0.0,1.5896296296296297,0.4540740740740741,2223.0,600.0,6351.0,437.0,5130.0,0.0,2146.0,613.0,13349.62962962963,888.8888888888889,7600.0,3179.259259259259,908.1481481481482,18022000.0,1200000.0,10260000.0,4292000.0,1226000.0
X,전년(25N),DXCR3135N,,크로스백,DXCR3135NK0001,85000,4500,382500000,273214.28571428574,CQ250700672,KRW,(주)케이앤씨인터내셔날,2025-07-24,2025-09-30,1.4451851851851851,0.4444444444444444,4.745925925925926,0.3237037037037037,4.037037037037037,0.0,1.6007407407407408,0.45481481481481484,1951.0,600.0,6407.0,437.0,5450.0,0.0,2161.0,614.0,29316.666666666668,2000.0,18166.666666666668,7203.333333333333,2046.6666666666667,39577500.0,2700000.0,24525000.0,9724500.0,2763000.0
X,전년(25N),DXCR5035N,,크로스백,DXCR5035NC0001,69000,500,34500000,24642.85714285714,CQ250600652,KRW,(주)인투잇,2025-06-12,2025-07-10,1.42,0.37037037037037035,2.9792592592592593,0.3237037037037037,4.196296296296296,0.0,0.6274074074074074,0.52,1917.0,500.0,4022.0,437.0,5665.0,0.0,847.0,702.0,2361.4814814814813,185.1851851851852,2098.1481481481483,313.7037037037037,260.0,3188000.0,250000.0,2832500.0,423500.0,351000.0
X,전년(25N),DXCR5035N,,크로스백,DXCR5035NK0001,69000,2049,141381000,100986.42857142857,CQ250600653,KRW,(주)인투잇,2025-06-12,2025-07-23,1.42,0.37037037037037035,2.9792592592592593,0.3237037037037037,4.196296296296296,0.0,0.6274074074074074,0.52,1917.0,500.0,4022.0,437.0,5665.0,0.0,847.0,702.0,9677.351111111111,758.8888888888889,8598.211111111112,1285.5577777777778,1065.48,13064424.0,1024500.0,11607585.0,1735503.0,1438398.0
X,전년(25N),DXCR5075N,,크로스백,DXCR5075NK0001,79000,2121,167559000,119685.0,CQ250600249,KRW,(주)케이앤씨인터내셔날,2025-06-05,2025-06-25,1.762962962962963,0.4444444444444444,3.171851851851852,0.3237037037037037,4.37037037037037,0.0,1.2674074074074073,0.28888888888888886,2380.0,600.0,4282.0,437.0,5900.0,0.0,1711.0,390.0,11153.317777777778,942.6666666666666,9269.555555555555,2688.1711111111113,612.7333333333333,15056979.0,1272600.0,12513900.0,3629031.0,827190.0
X,전년(25N),DXCR5075N,,크로스백,DXCR5075NK0002,79000,800,63200000,45142.857142857145,CQ250800126,KRW,(주)케이앤씨인터내셔날,2025-08-06,2025-09-30,2.0725925925925925,0.4444444444444444,3.168888888888889,0.3237037037037037,4.37037037037037,0.0,1.3074074074074074,0.26666666666666666,2798.0,600.0,4278.0,437.0,5900.0,0.0,1765.0,360.0,4452.148148148148,355.55555555555554,3496.296296296296,1045.9259259259259,213.33333333333334,6010400.0,480000.0,4720000.0,1412000.0,288000.0
X,전년(25N),DXCR5095N,,크로스백,DXCR5095NK0001,69000,1865,128685000,91917.85714285714,CQ250600332,KRW,(주)인투잇,2025-06-12,2025-07-23,1.334074074074074,0.37037037037037035,3.842962962962963,0.3237037037037037,4.411111111111111,0.0,0.12962962962962962,0.5511111111111111,1801.0,500.0,5188.0,437.0,5955.0,0.0,175.0,744.0,10258.881481481481,690.7407407407408,8226.722222222223,241.75925925925927,1027.8222222222223,13849490.0,932500.0,11106075.0,326375.0,1387560.0
X,전년(25N),DXCR5115N,,크로스백,DXCR5115NC0001,89000,800,71200000,50857.142857142855,CQ250601221,KRW,(주)케이앤씨인터내셔날,2025-06-20,2025-07-28,2.9651851851851854,0.4444444444444444,2.745185185185185,0.3237037037037037,4.851851851851852,0.0,1.6511111111111112,0.5740740740740741,4003.0,600.0,3706.0,437.0,6550.0,0.0,2229.0,775.0,4827.259259259259,355.55555555555554,3881.4814814814813,1320.888888888889,459.25925925925924,6516800.0,480000.0,5240000.0,1783200.0,620000.0
X,전년(25N),DXCR5115N,,크로스백,DXCR5115NK0001,89000,1400,124600000,89000.0,CQ250601220,KRW,(주)케이앤씨인터내셔날,2025-06-20,2025-08-06,2.9651851851851854,0.4444444444444444,2.7444444444444445,0.3237037037037037,4.711111111111111,0.0,1.4125925925925926,0.43555555555555553,4003.0,600.0,3705.0,437.0,6360.0,0.0,1907.0,588.0,8446.666666666666,622.2222222222222,6595.555555555556,1977.6296296296296,609.7777777777778,11403000.0,840000.0,8904000.0,2669800.0,823200.0
X,전년(25N),DXCR5125N,,크로스백,DXCR5125NC0001,69000,400,27600000,19714.285714285714,CQ250601225,KRW,(주)케이앤씨인터내셔날,2025-06-20,2025-07-28,1.894074074074074,0.5185185185185185,2.308148148148148,0.3237037037037037,3.7037037037037037,0.0,1.2637037037037038,0.8770370370370371,2557.0,700.0,3116.0,437.0,5000.0,0.0,1706.0,1184.0,1810.3703703703704,207.40740740740742,1481.4814814814815,505.48148148148147,350.81481481481484,2444000.0,280000.0,2000000.0,682400.0,473600.0
X,전년(25N),DXCR5125N,,크로스백,DXCR5125NK0001,69000,1400,96600000,69000.0,CQ250601222,KRW,(주)케이앤씨인터내셔날,2025-06-20,2025-08-06,1.9066666666666667,0.5185185185185185,2.308148148148148,0.3237037037037037,3.740740740740741,0.0,1.271111111111111,0.37555555555555553,2574.0,700.0,3116.0,437.0,5050.0,0.0,1716.0,507.0,6353.925925925926,725.925925925926,5237.037037037037,1779.5555555555557,525.7777777777778,8577800.0,980000.0,7070000.0,2402400.0,709800.0
X,전년(25N),DXCR5135N,,크로스백,DXCR5135NK0001,99000,1200,118800000,84857.14285714286,CQ250700267,KRW,(주)케이앤씨인터내셔날,2025-07-03,2025-08-06,4.498518518518519,0.4444444444444444,2.4274074074074075,0.3237037037037037,4.518518518518518,0.0,1.5933333333333333,0.19407407407407407,6073.0,600.0,3277.0,437.0,6100.0,0.0,2151.0,262.0,8699.555555555555,533.3333333333334,5422.222222222223,1912.0,232.88888888888889,11744400.0,720000.0,7320000.0,2581200.0,314400.0
X,전년(25N),DXCR5145N,,크로스백,DXCR5145NK0001,79000,1688,133352000,95251.42857142857,CQ250700268,KRW,(주)케이앤씨인터내셔날,2025-07-03,2025-08-06,3.0859259259259257,0.4444444444444444,1.894074074074074,0.3237037037037037,4.518518518518518,0.0,1.242962962962963,0.19407407407407407,4166.0,600.0,2557.0,437.0,6100.0,0.0,1678.0,262.0,8952.651851851851,750.2222222222222,7627.259259259259,2098.1214814814816,327.597037037037,12086080.0,1012800.0,10296800.0,2832464.0,442256.0
X,전년(25N),DXDC4915N,,다운 스카프,DXDC4915NK0001,49000,11396,558404000,398860.0,CQ250700181,KRW,(주)시즈글로벌,2025-07-02,2025-09-03,2.3777777777777778,0.25925925925925924,0.37407407407407406,0.19777777777777777,0.8592592592592593,0.0,0.5807407407407408,0.16444444444444445,3210.0,350.0,505.0,267.0,1160.0,0.0,784.0,222.0,33613.97925925926,2954.5185185185187,9792.118518518519,6618.121481481481,1874.0088888888888,45378872.0,3988600.0,13219360.0,8934464.0,2529912.0
X,전년(25N),DXDC4965N,,다운 스카프,DXDC4965NK0001,45000,24000,1080000000,771428.5714285715,CQ250700184,KRW,(주)시즈글로벌,2025-07-02,2025-09-03,2.239259259259259,0.25925925925925924,0.37407407407407406,0.19777777777777777,0.8111111111111111,0.0,0.5525925925925926,0.15925925925925927,3023.0,350.0,505.0,267.0,1095.0,0.0,746.0,215.0,67466.66666666667,6222.222222222223,19466.666666666668,13262.222222222223,3822.222222222222,91080000.0,8400000.0,26280000.0,17904000.0,5160000.0
X,전년(25N),DXDC4965N,,다운 스카프,DXDC4965NK0002,45000,3500,157500000,112500.0,CQ250700185,KRW,(주)시즈글로벌,2025-07-02,2025-09-10,2.239259259259259,0.25925925925925924,0.37407407407407406,0.19777777777777777,0.8444444444444444,0.0,0.5577777777777778,0.12222222222222222,3023.0,350.0,505.0,267.0,1140.0,0.0,753.0,165.0,9838.888888888889,907.4074074074074,2955.5555555555557,1952.2222222222222,427.77777777777777,13282500.0,1225000.0,3990000.0,2635500.0,577500.0
X,전년(25N),DXDC6375N,,다운 스카프,DXDC6375NK0001,39000,16229,632931000,452093.5714285714,CQ250700183,KRW,(주)시즈글로벌,2025-07-02,2025-09-03,1.4466666666666668,0.25925925925925924,0.37407407407407406,0.19777777777777777,0.8555555555555555,0.0,0.44,0.1274074074074074,1953.0,350.0,505.0,267.0,1155.0,0.0,594.0,172.0,32758.537037037036,4207.518518518518,13884.81111111111,7140.76,2067.694814814815,44224025.0,5680150.0,18744495.0,9640026.0,2791388.0
X,전년(25N),DXGL6325N,,장갑,DXGL6325NK0001,69000,3632,250608000,179005.7142857143,CQ250700188,KRW,(주)시즈글로벌,2025-07-02,2025-09-03,4.86962962962963,0.37037037037037035,0.8518518518518519,0.19777777777777777,3.4407407407407407,0.0,1.4296296296296296,0.617037037037037,6574.0,500.0,1150.0,267.0,4645.0,0.0,1930.0,833.0,21498.74962962963,1345.1851851851852,12496.77037037037,5192.414814814815,2241.0785185185186,29023312.0,1816000.0,16870640.0,7009760.0,3025456.0
X,전년(25N),DXGL6335N,,장갑,DXGL6335NC0001,69000,850,58650000,41892.857142857145,CQ250700187,KRW,(주)시즈글로벌,2025-07-02,2025-09-05,3.811851851851852,0.8148148148148148,1.4355555555555555,0.19777777777777777,3.2962962962962963,0.0,1.4037037037037037,0.894074074074074,5146.0,1100.0,1938.0,267.0,4450.0,0.0,1895.0,1207.0,4628.407407407408,692.5925925925926,2801.8518518518517,1193.148148148148,759.9629629629629,6248350.0,935000.0,3782500.0,1610750.0,1025950.0
X,전년(25N),DXGL6335N,,장갑,DXGL6335NK0001,69000,2000,138000000,98571.42857142857,CQ250700186,KRW,(주)시즈글로벌,2025-07-02,2025-09-03,3.811851851851852,0.8148148148148148,1.4355555555555555,0.19777777777777777,3.2962962962962963,0.0,1.4037037037037037,0.5977777777777777,5146.0,1100.0,1938.0,267.0,4450.0,0.0,1895.0,807.0,10890.37037037037,1629.6296296296296,6592.592592592592,2807.4074074074074,1195.5555555555557,14702000.0,2200000.0,8900000.0,3790000.0,1614000.0
X,전년(25N),DXHS5085N,,힙색,DXHS5085NC0001,79000,550,43450000,31035.714285714286,CQ250600252,KRW,(주)케이앤씨인터내셔날,2025-06-05,2025-07-04,1.7903703703703704,0.4444444444444444,3.3407407407407406,0.3237037037037037,4.296296296296297,0.0,1.1355555555555557,0.9133333333333333,2417.0,600.0,4510.0,437.0,5800.0,0.0,1533.0,1233.0,3000.1481481481483,244.44444444444446,2362.962962962963,624.5555555555555,502.3333333333333,4050200.0,330000.0,3190000.0,843150.0,678150.0
X,전년(25N),DXHS5085N,,힙색,DXHS5085NK0001,79000,900,71100000,50785.71428571428,CQ250600251,KRW,(주)케이앤씨인터내셔날,2025-06-05,2025-06-25,1.7903703703703704,0.4444444444444444,3.3414814814814813,0.3237037037037037,4.296296296296297,0.0,1.2837037037037038,0.29777777777777775,2417.0,600.0,4511.0,437.0,5800.0,0.0,1733.0,402.0,4910.0,400.0,3866.6666666666665,1155.3333333333333,268.0,6628500.0,540000.0,5220000.0,1559700.0,361800.0
X,전년(25N),DXMK6345N,,마스크(패션용),DXMK6345NK0001,49000,600,29400000,21000.0,CQ250700189,KRW,(주)시즈글로벌,2025-07-02,2025-09-03,2.362222222222222,0.14814814814814814,2.2,0.19777777777777777,2.348148148148148,0.0,1.0585185185185184,0.5703703703703704,3189.0,200.0,2970.0,267.0,3170.0,0.0,1429.0,770.0,2856.0,88.88888888888889,1408.888888888889,635.1111111111111,342.22222222222223,3855600.0,120000.0,1902000.0,857400.0,462000.0
X,전년(25N),DXMK6355N,,마스크(패션용),DXMK6355NC0001,39000,360,14040000,10028.57142857143,CQ250700191,KRW,(주)시즈글로벌,2025-07-02,2025-09-05,0.8562962962962963,0.14814814814814814,1.6851851851851851,0.19777777777777777,1.9925925925925927,0.0,0.7022222222222222,1.0822222222222222,1156.0,200.0,2275.0,267.0,2690.0,0.0,948.0,1461.0,986.1333333333333,53.333333333333336,717.3333333333334,252.8,389.6,1331280.0,72000.0,968400.0,341280.0,525960.0
X,전년(25N),DXMK6355N,,마스크(패션용),DXMK6355NK0001,39000,900,35100000,25071.428571428572,CQ250700190,KRW,(주)시즈글로벌,2025-07-02,2025-09-03,0.8562962962962963,0.14814814814814814,1.6851851851851851,0.19777777777777777,1.9925925925925927,0.0,0.7022222222222222,0.48962962962962964,1156.0,200.0,2275.0,267.0,2690.0,0.0,948.0,661.0,2465.3333333333335,133.33333333333334,1793.3333333333333,632.0,440.6666666666667,3328200.0,180000.0,2421000.0,853200.0,594900.0
X,전년(25N),DXMS6365N,,멀티스카프,DXMS6365NK0001,39000,2500,97500000,69642.85714285714,CQ250700192,KRW,(주)시즈글로벌,2025-07-02,2025-09-03,1.3762962962962964,0.14814814814814814,1.3962962962962964,0.19777777777777777,1.3666666666666667,0.0,0.642962962962963,0.4985185185185185,1858.0,200.0,1885.0,267.0,1845.0,0.0,868.0,673.0,7425.925925925926,370.3703703703704,3416.6666666666665,1607.4074074074074,1246.2962962962963,10025000.0,500000.0,4612500.0,2170000.0,1682500.0
X,전년(25N),DXSG1085N,,슬링백,DXSG1085NK0003,99000,1000,99000000,70714.28571428571,CQ250500110,KRW,(주)인투잇,2025-05-07,2025-07-23,2.2977777777777777,0.5555555555555556,5.474814814814815,0.29777777777777775,4.9688888888888885,0.0,1.6088888888888888,0.8688888888888889,3102.0,750.0,7391.0,402.0,6708.0,0.0,2172.0,1173.0,8070.37037037037,555.5555555555555,4968.888888888889,1608.888888888889,868.8888888888889,10895000.0,750000.0,6708000.0,2172000.0,1173000.0
X,전년(25N),DXSG5045N,,슬링백,DXSG5045NK0001,89000,850,75650000,54035.71428571428,CQ250600333,KRW,(주)인투잇,2025-06-12,2025-07-23,1.6762962962962964,0.37037037037037035,3.362962962962963,0.3237037037037037,4.840740740740741,0.0,1.0251851851851852,0.5459259259259259,2263.0,500.0,4540.0,437.0,6535.0,0.0,1384.0,737.0,4558.518518518518,314.81481481481484,4114.62962962963,871.4074074074074,464.037037037037,6154000.0,425000.0,5554750.0,1176400.0,626450.0
X,전년(25N),DXSG5065N,,슬링백,DXSG5065NK0001,89000,2056,182984000,130702.85714285714,CQ250600247,KRW,(주)케이앤씨인터내셔날,2025-06-05,2025-06-25,1.8748148148148147,0.4444444444444444,3.96,0.3237037037037037,4.592592592592593,0.0,1.4133333333333333,0.42814814814814817,2531.0,600.0,5346.0,437.0,6200.0,0.0,1908.0,578.0,12661.914074074075,913.7777777777778,9442.37037037037,2905.8133333333335,880.2725925925926,17093584.0,1233600.0,12747200.0,3922848.0,1188368.0
X,전년(25N),DXSG5105N,,슬링백,DXSG5105NK0001,99000,928,91872000,65622.85714285714,CQ250700265,KRW,(주)케이앤씨인터내셔날,2025-07-03,2025-08-06,3.5496296296296297,0.4444444444444444,2.9592592592592593,0.3237037037037037,5.074074074074074,0.0,1.5637037037037036,0.34444444444444444,4792.0,600.0,3995.0,437.0,6850.0,0.0,2111.0,465.0,6340.645925925926,412.44444444444446,4708.740740740741,1451.117037037037,319.64444444444445,8559872.0,556800.0,6356800.0,1959008.0,431520.0
X,전년(25N),DXSH2115N,,신발,DXSH2115NK0002,109000,1500,163500000,116785.71428571429,CQ250401017,KRW,주식회사 에스아이무역,2025-04-23,2025-07-04,2.3355555555555556,1.04,7.625925925925926,0.04,4.407407407407407,0.0,0.4622222222222222,0.3874074074074074,3153.0,1404.0,10295.0,54.0,5950.0,0.0,624.0,523.0,15002.222222222223,1560.0,6611.111111111111,693.3333333333334,581.1111111111111,20253000.0,2106000.0,8925000.0,936000.0,784500.0
X,전년(25N),DXSH4015N,,신발,DXSH4015NC0001,219000,2800,613200000,438000.0,CQ250700281,KRW,주식회사 에스아이무역,2025-07-03,2025-07-18,5.968148148148148,1.7414814814814814,21.05185185185185,0.04,4.148148148148148,0.0,0.7570370370370371,1.6933333333333334,8057.0,2351.0,28420.0,54.0,5600.0,0.0,1022.0,2286.0,75768.0,4876.148148148148,11614.814814814816,2119.703703703704,4741.333333333333,102286800.0,6582800.0,15680000.0,2861600.0,6400800.0
X,전년(25N),DXSH4025N,,신발,DXSH4025NC0001,219000,900,197100000,140785.7142857143,CQ250700282,KRW,주식회사 에스아이무역,2025-07-03,2025-07-18,6.62074074074074,1.7414814814814814,21.063703703703705,0.04,4.148148148148148,0.0,0.6718518518518518,2.025185185185185,8938.0,2351.0,28436.0,54.0,5600.0,0.0,907.0,2734.0,24952.0,1567.3333333333333,3733.3333333333335,604.6666666666666,1822.6666666666667,33685200.0,2115900.0,5040000.0,816300.0,2460600.0
X,전년(25N),DXSH4025N,,신발,DXSH4025NK0001,219000,500,109500000,78214.28571428571,CQ250401014,KRW,주식회사 에스아이무역,2025-04-23,2025-06-25,6.62074074074074,1.7414814814814814,21.063703703703705,0.04,4.148148148148148,0.0,0.6718518518518518,1.2696296296296297,8938.0,2351.0,28436.0,54.0,5600.0,0.0,907.0,1714.0,13862.222222222223,870.7407407407408,2074.074074074074,335.9259259259259,634.8148148148148,18714000.0,1175500.0,2800000.0,453500.0,857000.0
X,전년(25N),DXSH4115N,,신발,DXSH4115NK0002,109000,3200,348800000,249142.85714285713,CQ250700689,KRW,삼덕통상(주),2025-07-28,2025-07-30,7.137037037037037,2.5281481481481483,2.7355555555555555,0.044444444444444446,2.5185185185185186,0.0,0.2237037037037037,1.1118518518518519,9635.0,3413.0,3693.0,60.0,3400.0,0.0,302.0,1501.0,31734.51851851852,8090.074074074074,8059.259259259259,715.8518518518518,3557.925925925926,42841600.0,10921600.0,10880000.0,966400.0,4803200.0
X,전년(25N),DXSH4115N,,신발,DXSH4115NK0003,109000,2000,218000000,155714.2857142857,CQ250900322,KRW,삼덕통상(주),2025-09-04,2025-09-08,7.137037037037037,2.5281481481481483,2.7355555555555555,0.044444444444444446,2.5185185185185186,0.0,0.2237037037037037,1.1118518518518519,9635.0,3413.0,3693.0,60.0,3400.0,0.0,302.0,1501.0,19834.074074074073,5056.2962962962965,5037.037037037037,447.4074074074074,2223.703703703704,26776000.0,6826000.0,6800000.0,604000.0,3002000.0
X,전년(25N),DXSH4115N,,신발,DXSH4115NK0004,109000,3500,381500000,272500.0,CQ250900323,KRW,삼덕통상(주),2025-09-04,2025-09-08,7.137037037037037,2.5281481481481483,2.7355555555555555,0.044444444444444446,2.5185185185185186,0.0,0.2237037037037037,1.1118518518518519,9635.0,3413.0,3693.0,60.0,3400.0,0.0,302.0,1501.0,34709.62962962963,8848.518518518518,8814.814814814816,782.9629629629629,3891.4814814814813,46858000.0,11945500.0,11900000.0,1057000.0,5253500.0
X,전년(25N),DXSH4115N,,신발,DXSH4115NK0005,109000,2500,272500000,194642.85714285713,CQ251001036,KRW,삼덕통상(주),2025-10-29,2025-10-31,7.137037037037037,2.5281481481481483,2.7355555555555555,0.044444444444444446,2.5185185185185186,0.0,0.2237037037037037,1.1118518518518519,9635.0,3413.0,3693.0,60.0,3400.0,0.0,302.0,1501.0,24792.59259259259,6320.37037037037,6296.2962962962965,559.2592592592592,2779.6296296296296,33470000.0,8532500.0,8500000.0,755000.0,3752500.0
X,전년(25N),DXSH5125N,,신발,DXSH5125NK0001,159000,500,79500000,56785.71428571428,CQ250200722,KRW,삼덕통상(주),2025-02-21,2025-06-16,12.365925925925925,2.2925925925925927,3.8562962962962963,0.08888888888888889,3.4074074074074074,0.0,1.951111111111111,1.5933333333333333,16694.0,3095.0,5206.0,120.0,4600.0,0.0,2634.0,2151.0,8155.555555555556,1146.2962962962963,1703.7037037037037,975.5555555555555,796.6666666666666,11010000.0,1547500.0,2300000.0,1317000.0,1075500.0
X,전년(25N),DXSH5135N,,신발,DXSH5135NK0001,139000,7000,973000000,695000.0,CQ250800417,KRW,주식회사 에스아이무역,2025-08-20,2025-09-15,8.796296296296296,0.4874074074074074,9.92962962962963,0.04,4.111111111111111,0.0,1.142962962962963,0.5666666666666667,11875.0,658.0,13405.0,54.0,5550.0,0.0,1543.0,765.0,131361.4814814815,3411.8518518518517,28777.777777777777,8000.740740740741,3966.6666666666665,177338000.0,4606000.0,38850000.0,10801000.0,5355000.0
X,전년(25N),DXSH5145N,,신발,DXSH5145NK0001,139000,4200,583800000,417000.0,CQ250900236,KRW,삼덕통상(주),2025-09-02,2025-09-10,11.348148148148148,1.5592592592592593,3.0103703703703704,0.08888888888888889,4.666666666666667,0.0,0.8237037037037037,1.4259259259259258,15320.0,2105.0,4064.0,120.0,6300.0,0.0,1112.0,1925.0,60679.11111111111,6548.888888888889,19600.0,3459.5555555555557,5988.888888888889,81916800.0,8841000.0,26460000.0,4670400.0,8085000.0
X,전년(25N),DXSH5155N,,신발,DXSH5155NC0001,139000,2100,291900000,208500.0,CQ250900297,KRW,삼덕통상(주),2025-09-03,2025-08-29,11.124444444444444,1.7948148148148149,3.27037037037037,0.0,4.296296296296297,0.0,1.5162962962962963,1.5725925925925925,15018.0,2423.0,4415.0,0.0,5800.0,0.0,2047.0,2123.0,30229.11111111111,3769.1111111111113,9022.222222222223,3184.222222222222,3302.4444444444443,40809300.0,5088300.0,12180000.0,4298700.0,4458300.0
X,전년(25N),DXSH5155N,,신발,DXSH5155NK0001,139000,9500,1320500000,943214.2857142857,CQ250500272,KRW,삼덕통상(주),2025-05-08,2025-07-31,11.124444444444444,1.7948148148148149,3.27037037037037,0.0,4.296296296296297,0.0,1.5162962962962963,1.2918518518518518,15018.0,2423.0,4415.0,0.0,5800.0,0.0,2047.0,1744.0,136750.74074074073,17050.74074074074,40814.81481481482,14404.814814814816,12272.592592592593,184613500.0,23018500.0,55100000.0,19446500.0,16568000.0
X,전년(25N),DXSH5165N,,신발,DXSH5165NC0001,139000,400,55600000,39714.28571428572,CQ250900218,KRW,삼덕통상(주),2025-09-02,2025-08-29,12.059259259259258,1.7948148148148149,3.27037037037037,0.0,4.296296296296297,0.0,1.3925925925925926,2.3051851851851852,16280.0,2423.0,4415.0,0.0,5800.0,0.0,1880.0,3112.0,6131.851851851852,717.925925925926,1718.5185185185185,557.0370370370371,922.074074074074,8278000.0,969200.0,2320000.0,752000.0,1244800.0
X,전년(25N),DXSH5165N,,신발,DXSH5165NC0002,139000,200,27800000,19857.14285714286,CQ250900454,KRW,삼덕통상(주),2025-09-09,2025-09-17,12.059259259259258,1.7948148148148149,3.27037037037037,0.0,4.296296296296297,0.0,1.3925925925925926,2.3051851851851852,16280.0,2423.0,4415.0,0.0,5800.0,0.0,1880.0,3112.0,3065.925925925926,358.962962962963,859.2592592592592,278.51851851851853,461.037037037037,4139000.0,484600.0,1160000.0,376000.0,622400.0
X,전년(25N),DXSH5165N,,신발,DXSH5165NK0001,139000,1500,208500000,148928.57142857142,CQ250500274,KRW,삼덕통상(주),2025-05-08,2025-07-31,12.059259259259258,1.7948148148148149,3.27037037037037,0.0,4.296296296296297,0.0,1.3925925925925926,1.2977777777777777,16280.0,2423.0,4415.0,0.0,5800.0,0.0,1880.0,1752.0,22994.444444444445,2692.222222222222,6444.444444444444,2088.8888888888887,1946.6666666666667,31042500.0,3634500.0,8700000.0,2820000.0,2628000.0
X,전년(25N),DXSH5215N,,신발,DXSH5215NC0001,139000,700,97300000,69500.0,CQ250700292,KRW,삼덕통상(주),2025-07-04,2025-07-30,9.854074074074074,1.1851851851851851,3.025925925925926,0.08888888888888889,4.222222222222222,0.0,1.462962962962963,2.31037037037037,13303.0,1600.0,4085.0,120.0,5700.0,0.0,1975.0,3119.0,9078.222222222223,829.6296296296297,2955.5555555555557,1024.0740740740741,1617.2592592592594,12255600.0,1120000.0,3990000.0,1382500.0,2183300.0
X,전년(25N),DXSH5225N,,신발,DXSH5225NC0001,139000,1700,236300000,168785.7142857143,CQ250700293,KRW,삼덕통상(주),2025-07-04,2025-07-30,8.975555555555555,1.1851851851851851,3.025925925925926,0.08888888888888889,4.222222222222222,0.0,2.088888888888889,2.3185185185185184,12117.0,1600.0,4085.0,120.0,5700.0,0.0,2820.0,3130.0,20553.62962962963,2014.8148148148148,7177.777777777777,3551.1111111111113,3941.4814814814813,27747400.0,2720000.0,9690000.0,4794000.0,5321000.0
X,전년(25N),DXSH5235N,,신발,DXSH5235NK0001,139000,4000,556000000,397142.85714285716,CQ250700296,KRW,오주무역(주),2025-07-04,2025-09-19,9.148888888888889,0.562962962962963,2.5155555555555558,0.14666666666666667,5.0851851851851855,0.0,2.0948148148148147,0.9614814814814815,12351.0,760.0,3396.0,198.0,6865.0,0.0,2828.0,1298.0,47244.444444444445,2251.8518518518517,20340.74074074074,8379.25925925926,3845.925925925926,63780000.0,3040000.0,27460000.0,11312000.0,5192000.0
X,전년(25N),DXSH5245N,,신발,DXSH5245NC0001,109000,2000,218000000,155714.2857142857,CQ250900775,KRW,티엠에스코리아 주식회사,2025-09-23,2025-10-20,8.459259259259259,1.2592592592592593,0.6718518518518518,0.3037037037037037,3.740740740740741,0.0,2.12,1.6637037037037037,11420.0,1700.0,907.0,410.0,5050.0,0.0,2862.0,2246.0,18869.62962962963,2518.5185185185187,7481.481481481482,4240.0,3327.4074074074074,25474000.0,3400000.0,10100000.0,5724000.0,4492000.0
X,전년(25N),DXSH5245N,,신발,DXSH5245NK0001,109000,3400,370600000,264714.28571428574,CQ250700490,KRW,티엠에스코리아 주식회사,2025-07-16,2025-09-26,6.392592592592592,1.2592592592592593,0.6718518518518518,0.3037037037037037,3.740740740740741,0.0,1.8096296296296297,3.2325925925925927,8630.0,1700.0,907.0,410.0,5050.0,0.0,2443.0,4364.0,25051.703703703704,4281.481481481482,12718.518518518518,6152.740740740741,10990.814814814816,33819800.0,5780000.0,17170000.0,8306200.0,14837600.0
X,전년(25N),DXSH5255N,,신발,DXSH5255NC0001,129000,1520,196080000,140057.14285714287,CQ250900973,KRW,삼덕통상(주),2025-09-29,2025-11-04,10.543703703703704,2.0148148148148146,3.1133333333333333,0.08888888888888889,2.5925925925925926,0.0,0.6940740740740741,1.6696296296296296,14234.0,2720.0,4203.0,120.0,3500.0,0.0,937.0,2254.0,20893.807407407407,3062.5185185185187,3940.740740740741,1054.9925925925927,2537.837037037037,28206640.0,4134400.0,5320000.0,1424240.0,3426080.0
X,전년(25N),DXSH5255N,,신발,DXSH5255NK0001,129000,5000,645000000,460714.28571428574,CQ250900258,KRW,삼덕통상(주),2025-09-02,2025-10-06,10.543703703703704,2.0148148148148146,3.1133333333333333,0.08888888888888889,2.5925925925925926,0.0,0.6940740740740741,1.2177777777777778,14234.0,2720.0,4203.0,120.0,3500.0,0.0,937.0,1644.0,68729.62962962964,10074.074074074075,12962.962962962964,3470.3703703703704,6088.888888888889,92785000.0,13600000.0,17500000.0,4685000.0,8220000.0
X,전년(25N),DXSH5545N,,신발,DXSH5545NK0004,129000,3000,387000000,276428.5714285714,CQ250600186,KRW,㈜천일 상사,2025-06-04,2025-08-18,5.511111111111111,0.8148148148148148,9.007407407407408,0.0,5.407407407407407,0.0,0.0,0.0,7440.0,1100.0,12160.0,0.0,7300.0,0.0,0.0,0.0,43555.555555555555,2444.4444444444443,16222.222222222223,0.0,0.0,58800000.0,3300000.0,21900000.0,0.0,0.0
X,전년(25N),DXSH5545N,,신발,DXSH5545NK0005,129000,2700,348300000,248785.7142857143,CQ250600939,KRW,㈜천일 상사,2025-06-18,2025-09-05,5.511111111111111,0.8148148148148148,9.007407407407408,0.0,5.407407407407407,0.0,0.0,0.0,7440.0,1100.0,12160.0,0.0,7300.0,0.0,0.0,0.0,39200.0,2200.0,14600.0,0.0,0.0,52920000.0,2970000.0,19710000.0,0.0,0.0
X,전년(25N),DXSH6215N,,신발,DXSH6215NC0001,119000,1700,202300000,144500.0,CQ250900774,KRW,티엠에스코리아 주식회사,2025-09-23,2025-10-20,8.775555555555556,1.2592592592592593,0.6718518518518518,0.3037037037037037,3.740740740740741,0.0,2.1674074074074072,1.8755555555555556,11847.0,1700.0,907.0,410.0,5050.0,0.0,2926.0,2532.0,16576.88888888889,2140.740740740741,6359.259259259259,3684.5925925925926,3188.4444444444443,22378800.0,2890000.0,8585000.0,4974200.0,4304400.0
X,전년(25N),DXSH6215N,,신발,DXSH6215NK0001,119000,3200,380800000,272000.0,CQ250700491,KRW,티엠에스코리아 주식회사,2025-07-16,2025-09-26,6.702962962962963,1.2592592592592593,0.6718518518518518,0.3037037037037037,3.740740740740741,0.0,1.8562962962962963,3.2444444444444445,9049.0,1700.0,907.0,410.0,5050.0,0.0,2506.0,4380.0,24571.25925925926,4029.6296296296296,11970.37037037037,5940.148148148148,10382.222222222223,33171200.0,5440000.0,16160000.0,8019200.0,14016000.0
X,전년(25N),DXSH6225N,,신발,DXSH6225NC0001,129000,900,116100000,82928.57142857143,CQ250900936,KRW,오주무역(주),2025-09-26,2025-10-15,8.754814814814814,0.7,4.021481481481482,0.14666666666666667,5.0,0.0,1.7740740740740741,1.634074074074074,11819.0,945.0,5429.0,198.0,6750.0,0.0,2395.0,2206.0,11630.666666666666,630.0,4500.0,1596.6666666666667,1470.6666666666667,15701400.0,850500.0,6075000.0,2155500.0,1985400.0
X,전년(25N),DXSH6225N,,신발,DXSH6225NK0001,129000,3000,387000000,276428.5714285714,CQ250900250,KRW,오주무역(주),2025-09-02,2025-09-26,8.754814814814814,0.7,4.021481481481482,0.14666666666666667,5.0,0.0,1.7740740740740741,1.234074074074074,11819.0,945.0,5429.0,198.0,6750.0,0.0,2395.0,1666.0,38768.88888888889,2100.0,15000.0,5322.222222222223,3702.222222222222,52338000.0,2835000.0,20250000.0,7185000.0,4998000.0
X,전년(25N),DXSH6225N,,신발,DXSH6225NK0002,129000,4000,516000000,368571.4285714286,CQ250900319,KRW,오주무역(주),2025-09-04,2025-11-03,8.754814814814814,0.7,4.021481481481482,0.14666666666666667,5.0,0.0,1.7740740740740741,1.234074074074074,11819.0,945.0,5429.0,198.0,6750.0,0.0,2395.0,1666.0,51691.851851851854,2800.0,20000.0,7096.2962962962965,4936.2962962962965,69784000.0,3780000.0,27000000.0,9580000.0,6664000.0
X,전년(25N),DXSH6225N,,신발,DXSH6225NK0003,129000,700,90300000,64500.0,CQ250900320,KRW,오주무역(주),2025-09-04,2025-11-24,8.754814814814814,0.7,4.021481481481482,0.14666666666666667,5.0,0.0,1.7740740740740741,1.234074074074074,11819.0,945.0,5429.0,198.0,6750.0,0.0,2395.0,1666.0,9046.074074074075,490.0,3500.0,1241.851851851852,863.8518518518518,12212200.0,661500.0,4725000.0,1676500.0,1166200.0
X,전년(25N),DXSH6235N,,신발,DXSH6235NC0001,139000,1220,169580000,121128.57142857143,CQ250900935,KRW,오주무역(주),2025-09-26,2025-10-15,9.358518518518519,0.4022222222222222,4.685925925925926,0.14666666666666667,5.555555555555555,0.0,1.7,1.3651851851851853,12634.0,543.0,6326.0,198.0,7500.0,0.0,2295.0,1843.0,17313.155555555557,490.7111111111111,6777.777777777777,2074.0,1665.525925925926,23372760.0,662460.0,9150000.0,2799900.0,2248460.0
X,전년(25N),DXSH6235N,,신발,DXSH6235NK0001,139000,7600,1056400000,754571.4285714285,CQ250900239,KRW,오주무역(주),2025-09-02,2025-09-26,9.358518518518519,0.4022222222222222,4.685925925925926,0.14666666666666667,5.555555555555555,0.0,1.7,1.1874074074074075,12634.0,543.0,6326.0,198.0,7500.0,0.0,2295.0,1603.0,107852.44444444444,3056.8888888888887,42222.22222222222,12920.0,9024.296296296296,145600800.0,4126800.0,57000000.0,17442000.0,12182800.0
X,전년(25N),DXSH6245N,,신발,DXSH6245NC0001,119000,640,76160000,54400.0,CQ250900691,KRW,티엠에스코리아 주식회사,2025-09-17,2025-10-08,9.851111111111111,2.5037037037037035,0.6718518518518518,0.3037037037037037,3.740740740740741,0.0,2.5148148148148146,2.988148148148148,13299.0,3380.0,907.0,410.0,5050.0,0.0,3395.0,4034.0,6929.066666666667,1602.3703703703704,2394.074074074074,1609.4814814814815,1912.414814814815,9354240.0,2163200.0,3232000.0,2172800.0,2581760.0
X,전년(25N),DXSH6245N,,신발,DXSH6245NK0001,119000,4500,535500000,382500.0,CQ250800390,KRW,티엠에스코리아 주식회사,2025-08-19,2025-10-02,9.851111111111111,2.5037037037037035,0.6718518518518518,0.3037037037037037,3.740740740740741,0.0,2.5148148148148146,0.9288888888888889,13299.0,3380.0,907.0,410.0,5050.0,0.0,3395.0,1254.0,48720.0,11266.666666666666,16833.333333333332,11316.666666666666,4180.0,65772000.0,15210000.0,22725000.0,15277500.0,5643000.0
X,전년(25N),DXSH7275N,,신발,DXSH7275NK0004,99000,10000,990000000,707142.8571428572,CQ250600038,KRW,티엠에스코리아 주식회사,2025-06-02,2025-07-21,5.9688888888888885,1.8296296296296297,0.737037037037037,0.3037037037037037,3.740740740740741,0.0,1.8414814814814815,0.762962962962963,8058.0,2470.0,995.0,410.0,5050.0,0.0,2486.0,1030.0,70096.29629629629,18296.296296296296,37407.40740740741,18414.814814814814,7629.62962962963,94630000.0,24700000.0,50500000.0,24860000.0,10300000.0
X,전년(25N),DXSH7275N,,신발,DXSH7275NK0005,99000,10000,990000000,707142.8571428572,CQ250600871,KRW,티엠에스코리아 주식회사,2025-06-17,2025-07-22,5.9688888888888885,1.8296296296296297,0.737037037037037,0.3037037037037037,3.740740740740741,0.0,1.8414814814814815,3.22962962962963,8058.0,2470.0,995.0,410.0,5050.0,0.0,2486.0,4360.0,70096.29629629629,18296.296296296296,37407.40740740741,18414.814814814814,32296.296296296296,94630000.0,24700000.0,50500000.0,24860000.0,43600000.0
X,전년(25N),DXSH7275N,,신발,DXSH7275NK0006,99000,1600,158400000,113142.85714285714,CQ250600938,KRW,티엠에스코리아 주식회사,2025-06-18,2025-08-08,5.9688888888888885,1.8296296296296297,0.737037037037037,0.3037037037037037,3.740740740740741,0.0,1.8414814814814815,0.762962962962963,8058.0,2470.0,995.0,410.0,5050.0,0.0,2486.0,1030.0,11215.407407407407,2927.4074074074074,5985.185185185185,2946.3703703703704,1220.7407407407406,15140800.0,3952000.0,8080000.0,3977600.0,1648000.0
X,전년(25N),DXSH7275N,,신발,DXSH7275NK0007,99000,7000,693000000,495000.0,CQ250800669,KRW,티엠에스코리아 주식회사,2025-08-28,2025-09-25,5.9688888888888885,1.8296296296296297,0.737037037037037,0.3037037037037037,3.740740740740741,0.0,1.8414814814814815,0.762962962962963,8058.0,2470.0,995.0,410.0,5050.0,0.0,2486.0,1030.0,49067.40740740741,12807.407407407407,26185.185185185186,12890.37037037037,5340.740740740741,66241000.0,17290000.0,35350000.0,17402000.0,7210000.0
X,전년(25N),DXSO6415N,,양말,DXSO6415NC0001,13000,1200,15600000,11142.857142857143,CQ250600626,KRW,에스에이치어패럴(주),2025-06-11,2025-07-14,0.5725925925925925,0.0,0.20444444444444446,0.0,0.8962962962962963,0.0,0.2511111111111111,0.17777777777777778,773.0,0.0,276.0,0.0,1210.0,0.0,339.0,240.0,932.4444444444445,0.0,1075.5555555555557,301.3333333333333,213.33333333333334,1258800.0,0.0,1452000.0,406800.0,288000.0
X,전년(25N),DXSO6415N,,양말,DXSO6415NK0001,13000,2565,33345000,23817.85714285714,CQ250600323,KRW,에스에이치어패럴(주),2025-06-05,2025-07-23,0.5725925925925925,0.0,0.20444444444444446,0.0,0.8962962962962963,0.0,0.2511111111111111,0.0,773.0,0.0,276.0,0.0,1210.0,0.0,339.0,0.0,1993.1,0.0,2299.0,644.1,0.0,2690685.0,0.0,3103650.0,869535.0,0.0
X,전년(25N),DXSO6435N,,양말,DXSO6435NK0001,15000,2699,40485000,28917.85714285714,CQ250700377,KRW,에스에이치어패럴(주),2025-07-09,2025-07-23,0.5592592592592592,0.0,0.21481481481481482,0.0,1.4444444444444444,0.0,0.3325925925925926,0.2659259259259259,755.0,0.0,290.0,0.0,1950.0,0.0,449.0,359.0,2089.225925925926,0.0,3898.5555555555557,897.6674074074074,717.7340740740741,2820455.0,0.0,5263050.0,1211851.0,968941.0
X,전년(25N),DXSO6445N,,양말,DXSO6445NC0001,15000,1000,15000000,10714.285714285714,CQ250600215,KRW,에스에이치어패럴(주),2025-06-05,2025-07-14,0.3814814814814815,0.0,0.4451851851851852,0.0,1.325925925925926,0.0,0.21555555555555556,0.0,515.0,0.0,601.0,0.0,1790.0,0.0,291.0,0.0,826.6666666666666,0.0,1325.9259259259259,215.55555555555554,0.0,1116000.0,0.0,1790000.0,291000.0,0.0
X,전년(25N),DXSO6445N,,양말,DXSO6445NK0001,15000,2099,31485000,22489.285714285714,CQ250600214,KRW,에스에이치어패럴(주),2025-06-05,2025-07-23,0.3814814814814815,0.0,0.2074074074074074,0.0,1.325925925925926,0.0,0.19185185185185186,0.0,515.0,0.0,280.0,0.0,1790.0,0.0,259.0,0.0,1236.0777777777778,0.0,2783.1185185185186,402.69703703703703,0.0,1668705.0,0.0,3757210.0,543641.0,0.0
X,전년(25N),DXSO7115N,,양말,DXSO7115NK0002,9000,3100,27900000,19928.571428571428,CQ250501452,KRW,㈜범창모산,2025-05-22,2025-06-25,0.5725925925925925,0.0,0.17777777777777778,0.0,0.5407407407407407,0.0,0.0,0.042222222222222223,773.0,0.0,240.0,0.0,730.0,0.0,0.0,57.0,2326.1481481481483,0.0,1676.2962962962963,0.0,130.88888888888889,3140300.0,0.0,2263000.0,0.0,176700.0
X,전년(25N),DXSO7145N,,양말,DXSO7145NK0001,19000,1400,26600000,19000.0,CQ250700376,KRW,에스에이치어패럴(주),2025-07-09,2025-08-13,1.048888888888889,0.0,0.2911111111111111,0.0,1.451851851851852,0.0,0.39111111111111113,0.0,1416.0,0.0,393.0,0.0,1960.0,0.0,528.0,0.0,1876.0,0.0,2032.5925925925926,547.5555555555555,0.0,2532600.0,0.0,2744000.0,739200.0,0.0
X,전년(25N),DXSO9515N,,양말,DXSO9515NK0001,13000,3000,39000000,27857.14285714286,CQ250900997,KRW,에스에이치어패럴(주),2025-09-30,2025-10-01,0.8785185185185185,0.0,0.17851851851851852,0.15259259259259259,0.6518518518518519,0.0,0.2562962962962963,0.028888888888888888,1186.0,0.0,241.0,206.0,880.0,0.0,346.0,39.0,3628.8888888888887,0.0,1955.5555555555557,768.8888888888889,86.66666666666667,4899000.0,0.0,2640000.0,1038000.0,117000.0
X,전년(25N),DXWM7145N,,방한모,DXWM7145NK0001,85000,1254,106590000,76135.71428571429,CQ250700253,KRW,(주)보광캡,2025-07-02,2025-09-03,3.788148148148148,0.8148148148148148,1.5074074074074073,0.38222222222222224,3.111111111111111,0.0,1.382962962962963,0.35777777777777775,5114.0,1100.0,2035.0,516.0,4200.0,0.0,1867.0,483.0,7119.933333333333,1021.7777777777778,3901.3333333333335,1734.2355555555555,448.6533333333333,9611910.0,1379400.0,5266800.0,2341218.0,605682.0
X,전년(25N),DXWM7175N,,방한모,DXWM7175NK0001,65000,2031,132015000,94296.42857142857,CQ250700445,KRW,주식회사 피앤지아이엔씨,2025-07-15,2025-09-03,2.4792592592592593,0.25925925925925924,0.9644444444444444,0.25703703703703706,3.5555555555555554,0.0,1.0888888888888888,0.3274074074074074,3347.0,350.0,1302.0,347.0,4800.0,0.0,1470.0,442.0,7516.204444444445,526.5555555555555,7221.333333333333,2211.5333333333333,664.9644444444444,10146876.0,710850.0,9748800.0,2985570.0,897702.0
X,전년(25N),DXWM7195N,,방한모,DXWM7195NK0001,69000,2209,152421000,108872.14285714286,CQ250700390,KRW,㈜유풍,2025-07-09,2025-09-03,2.647407407407407,0.5037037037037037,2.4837037037037035,0.3118518518518518,2.962962962962963,0.0,1.2896296296296297,0.23333333333333334,3574.0,680.0,3353.0,421.0,4000.0,0.0,1741.0,315.0,12023.505185185186,1112.6814814814816,6545.185185185185,2848.791851851852,515.4333333333333,16231732.0,1502120.0,8836000.0,3845869.0,695835.0
X,전년(25N),DXWM7205N,,방한모,DXWM7205NK0001,75000,1867,140025000,100017.85714285714,CQ250700391,KRW,㈜유풍,2025-07-09,2025-09-03,3.9229629629629628,0.2962962962962963,1.6014814814814815,0.3118518518518518,3.1481481481481484,0.0,1.3451851851851853,0.24888888888888888,5296.0,400.0,2162.0,421.0,4250.0,0.0,1816.0,336.0,10896.365185185185,553.1851851851852,5877.592592592592,2511.4607407407407,464.67555555555555,14710093.0,746800.0,7934750.0,3390472.0,627312.0
X,전년(24N),DKSH6124N,,신발,DKSH6124NK0002,99000,700,69300000,49500.0,CQ251100265,KRW,주식회사 에스아이무역,2025-11-03,2025-10-29,2.7814814814814817,0.662962962962963,7.114814814814815,0.04,3.5770370370370372,0.0,0.7066666666666667,0.6733333333333333,3755.0,895.0,9605.0,54.0,4829.0,0.0,954.0,909.0,6955.407407407408,464.0740740740741,2503.925925925926,494.6666666666667,471.3333333333333,9389800.0,626500.0,3380300.0,667800.0,636300.0
X,전년(24N),DXLP1104N,,슬리퍼,DXLP1104NK0007,39000,3000,117000000,83571.42857142857,CQ250900949,KRW,티엠에스코리아 주식회사,2025-09-29,2025-09-25,2.7074074074074073,0.2222222222222222,0.642962962962963,0.3037037037037037,2.0948148148148147,0.0,0.8503703703703703,0.585925925925926,3655.0,300.0,868.0,410.0,2828.0,0.0,1148.0,791.0,10962.222222222223,666.6666666666666,6284.444444444444,2551.1111111111113,1757.7777777777778,14799000.0,900000.0,8484000.0,3444000.0,2373000.0
X,전년(24N),DXLP1104N,,슬리퍼,DXLP1104NK0008,39000,15000,585000000,417857.14285714284,CQ250900950,KRW,티엠에스코리아 주식회사,2025-09-29,2025-11-27,2.7074074074074073,0.2222222222222222,0.642962962962963,0.3037037037037037,2.0948148148148147,0.0,0.8503703703703703,0.585925925925926,3655.0,300.0,868.0,410.0,2828.0,0.0,1148.0,791.0,54811.11111111111,3333.3333333333335,31422.222222222223,12755.555555555555,8788.888888888889,73995000.0,4500000.0,42420000.0,17220000.0,11865000.0
X,전년(24N),DXSH7244N,,신발,DXSH7244NK0013,109000,8000,872000000,622857.1428571428,CQ250401107,KRW,티엠에스코리아 주식회사,2025-04-25,2025-07-22,5.33925925925926,2.074074074074074,0.9155555555555556,0.3037037037037037,4.911111111111111,0.0,1.9859259259259259,0.7733333333333333,7208.0,2800.0,1236.0,410.0,6630.0,0.0,2681.0,1044.0,52468.148148148146,16592.59259259259,39288.88888888889,15887.407407407407,6186.666666666667,70832000.0,22400000.0,53040000.0,21448000.0,8352000.0
X,전년(23N),DKSH8103N,,신발,DKSH8103NK0003,99000,2600,257400000,183857.14285714287,CQ251100507,KRW,오주무역(주),2025-11-06,2025-10-29,6.045925925925926,0.14814814814814814,2.4444444444444446,0.14666666666666667,5.069629629629629,0.0,1.165185185185185,0.6096296296296296,8162.0,200.0,3300.0,198.0,6844.0,0.0,1573.0,823.0,22456.296296296296,385.18518518518516,13181.037037037036,3029.4814814814813,1585.037037037037,30316000.0,520000.0,17794400.0,4089800.0,2139800.0
X,전년(23N),DXSH7513N,,신발,DXSH7513NK0004,69000,2500,172500000,123214.28571428571,CQ250601277,KRW,삼덕통상(주),2025-06-23,2025-06-03,2.76,1.2148148148148148,1.9762962962962962,0.044444444444444446,2.8222222222222224,0.0,0.5962962962962963,0.8792592592592593,3726.0,1640.0,2668.0,60.0,3810.0,0.0,805.0,1187.0,11951.851851851852,3037.037037037037,7055.555555555556,1490.7407407407406,2198.1481481481483,16135000.0,4100000.0,9525000.0,2012500.0,2967500.0
X,전년(22N),DXSH6112N,,신발,DXSH6112NK0011,89000,3500,311500000,222500.0,CQ250900657,KRW,주식회사 에스아이무역,2025-09-15,2025-09-15,1.5903703703703704,0.5888888888888889,6.9837037037037035,0.0674074074074074,2.6955555555555555,0.0,0.7118518518518518,0.6962962962962963,2147.0,795.0,9428.0,91.0,3639.0,0.0,961.0,940.0,30245.185185185186,2061.1111111111113,9434.444444444445,2491.4814814814813,2437.037037037037,40831000.0,2782500.0,12736500.0,3363500.0,3290000.0
X,전년(21N),DXLP2101N,,슬리퍼,DXLP2101NK0022,59000,9100,536900000,383500.0,CQ250501556,KRW,티엠에스코리아 주식회사,2025-05-23,2025-07-08,4.6651851851851855,0.22962962962962963,0.4525925925925926,0.3037037037037037,2.5703703703703704,0.0,1.1874074074074075,0.6659259259259259,6298.0,310.0,611.0,410.0,3470.0,0.0,1603.0,899.0,49335.48148148148,2089.6296296296296,23390.37037037037,10805.407407407407,6059.925925925926,66602900.0,2821000.0,31577000.0,14587300.0,8180900.0
X,전년(21N),DXLP2101N,,슬리퍼,DXLP2101NK0023,59000,14000,826000000,590000.0,CQ251000867,KRW,티엠에스코리아 주식회사,2025-10-27,2025-10-22,4.6651851851851855,0.22962962962962963,0.4525925925925926,0.3037037037037037,2.5703703703703704,0.0,1.1874074074074075,0.6659259259259259,6298.0,310.0,611.0,410.0,3470.0,0.0,1603.0,899.0,75900.74074074074,3214.814814814815,35985.18518518518,16623.703703703704,9322.962962962964,102466000.0,4340000.0,48580000.0,22442000.0,12586000.0
X,전년(21N),DXSH2111N,,신발,DXSH2111NK0075,109000,1000,109000000,77857.14285714286,CQ250900654,KRW,주식회사 에스아이무역,2025-09-15,2025-09-15,2.2844444444444445,0.8059259259259259,7.944444444444445,0.15259259259259259,3.485925925925926,0.0,0.725925925925926,0.7266666666666667,3084.0,1088.0,10725.0,206.0,4706.0,0.0,980.0,981.0,10381.481481481482,805.925925925926,3485.925925925926,725.925925925926,726.6666666666666,14015000.0,1088000.0,4706000.0,980000.0,981000.0
X,전년(21N),DXSH2111N,,신발,DXSH2111NK0076,109000,1170,127530000,91092.85714285714,CQ250900655,KRW,주식회사 에스아이무역,2025-09-15,2025-09-15,2.2844444444444445,0.8059259259259259,7.944444444444445,0.15259259259259259,3.485925925925926,0.0,0.725925925925926,0.7266666666666667,3084.0,1088.0,10725.0,206.0,4706.0,0.0,980.0,981.0,12146.333333333334,942.9333333333333,4078.5333333333333,849.3333333333334,850.2,16397550.0,1272960.0,5506020.0,1146600.0,1147770.0
X,전년(21N),DXSH2111N,,신발,DXSH2111NK0077,109000,2500,272500000,194642.85714285713,CQ250900656,KRW,주식회사 에스아이무역,2025-09-15,2025-10-31,2.2844444444444445,0.8059259259259259,7.944444444444445,0.15259259259259259,3.485925925925926,0.0,0.725925925925926,0.7266666666666667,3084.0,1088.0,10725.0,206.0,4706.0,0.0,980.0,981.0,25953.703703703704,2014.8148148148148,8714.814814814816,1814.8148148148148,1816.6666666666667,35037500.0,2720000.0,11765000.0,2450000.0,2452500.0
X,전년(21N),DXSH3111N,,신발,DXSH3111NK0068,109000,3700,403300000,288071.4285714286,CQ250800718,KRW,㈜천일 상사,2025-08-29,2025-09-25,1.674074074074074,0.3111111111111111,8.525925925925925,0.0,3.903703703703704,0.0,1.585925925925926,0.0,2260.0,420.0,11510.0,0.0,5270.0,0.0,2141.0,0.0,37740.0,1151.111111111111,14443.703703703704,5867.925925925926,0.0,50949000.0,1554000.0,19499000.0,7921700.0,0.0
X,전년(21N),DXSH3111N,,신발,DXSH3111NK0069,109000,1400,152600000,109000.0,CQ250800719,KRW,㈜천일 상사,2025-08-29,2025-09-15,1.674074074074074,0.3111111111111111,8.525925925925925,0.0,3.903703703703704,0.0,1.585925925925926,0.0,2260.0,420.0,11510.0,0.0,5270.0,0.0,2141.0,0.0,14280.0,435.55555555555554,5465.185185185185,2220.296296296296,0.0,19278000.0,588000.0,7378000.0,2997400.0,0.0
X,전년(21N),DXSH3111N,,신발,DXSH3111NK0070,109000,2200,239800000,171285.7142857143,CQ250900332,KRW,㈜천일 상사,2025-09-04,2025-09-15,1.674074074074074,0.3111111111111111,8.525925925925925,0.0,3.903703703703704,0.0,1.585925925925926,0.0,2260.0,420.0,11510.0,0.0,5270.0,0.0,2141.0,0.0,22440.0,684.4444444444445,8588.148148148148,3489.037037037037,0.0,30294000.0,924000.0,11594000.0,4710200.0,0.0
X,전년(21N),DXSH4111N,,신발,DXSH4111NK0060,109000,1000,109000000,77857.14285714286,CQ250800470,KRW,삼덕통상(주),2025-08-22,2025-09-08,8.220740740740741,1.6007407407407408,2.551851851851852,0.0,2.4444444444444446,0.0,0.2962962962962963,0.8096296296296296,11098.0,2161.0,3445.0,0.0,3300.0,0.0,400.0,1093.0,10772.592592592593,1600.7407407407406,2444.4444444444443,296.2962962962963,809.6296296296297,14543000.0,2161000.0,3300000.0,400000.0,1093000.0
X,전년(21N),DXSH4111N,,신발,DXSH4111NK0061,109000,1000,109000000,77857.14285714286,CQ250900321,KRW,삼덕통상(주),2025-09-04,2025-09-08,8.220740740740741,1.6007407407407408,2.551851851851852,0.0,2.4444444444444446,0.0,0.2962962962962963,0.8096296296296296,11098.0,2161.0,3445.0,0.0,3300.0,0.0,400.0,1093.0,10772.592592592593,1600.7407407407406,2444.4444444444443,296.2962962962963,809.6296296296297,14543000.0,2161000.0,3300000.0,400000.0,1093000.0
X,전년(21N),DXSH4111N,,신발,DXSH4111NK0062,109000,11100,1209900000,864214.2857142857,CQ250900711,KRW,삼덕통상(주),2025-09-18,2025-09-30,8.220740740740741,1.6007407407407408,2.551851851851852,0.0,2.4444444444444446,0.0,0.2962962962962963,0.8096296296296296,11098.0,2161.0,3445.0,0.0,3300.0,0.0,400.0,1093.0,119575.77777777778,17768.222222222223,27133.333333333332,3288.8888888888887,8986.888888888889,161427300.0,23987100.0,36630000.0,4440000.0,12132300.0
X,전년(21N),DXSH4111N,,신발,DXSH4111NK0063,109000,1000,109000000,77857.14285714286,CQ250900712,KRW,삼덕통상(주),2025-09-18,2025-09-15,8.220740740740741,1.6007407407407408,2.551851851851852,0.0,2.4444444444444446,0.0,0.2962962962962963,0.8096296296296296,11098.0,2161.0,3445.0,0.0,3300.0,0.0,400.0,1093.0,10772.592592592593,1600.7407407407406,2444.4444444444443,296.2962962962963,809.6296296296297,14543000.0,2161000.0,3300000.0,400000.0,1093000.0
